year,month,prob,prediction,non_eddy,cyclonic,anticyclonic,mode_water,depth,func,density,salinity,temperature
1988,10,0.712,non_eddy,0.712,0.288,0,0,400,min,0.033226516,-0.065072857,-0.490053333
1988,10,0.712,non_eddy,0.712,0.288,0,0,400,max,0.077453212,-0.018338095,-0.206099286
1988,10,0.712,non_eddy,0.712,0.288,0,0,400,median,0.05699126,-0.039828571,-0.371871905
1988,10,0.712,non_eddy,0.712,0.288,0,0,500,min,0.044424027,-0.096363095,-0.791774524
1988,10,0.712,non_eddy,0.712,0.288,0,0,500,max,0.107903757,0.032339167,-0.105521548
1988,10,0.712,non_eddy,0.712,0.288,0,0,500,median,0.078206918,-0.026663571,-0.453989881
1988,10,0.712,non_eddy,0.712,0.288,0,0,600,min,0.052651707,-0.149868254,-1.178915873
1988,10,0.712,non_eddy,0.712,0.288,0,0,600,max,0.146987267,-0.006679365,-0.261680952
1988,10,0.712,non_eddy,0.712,0.288,0,0,600,median,0.106475962,-0.090716667,-0.816776984
1988,10,0.712,non_eddy,0.712,0.288,0,0,700,min,0.039955683,-0.128796825,-1.201996032
1988,10,0.712,non_eddy,0.712,0.288,0,0,700,max,0.134891499,0.030103175,-0.064807143
1988,10,0.712,non_eddy,0.712,0.288,0,0,700,median,0.094460015,-0.060732143,-0.657796429
1988,10,0.712,non_eddy,0.712,0.288,0,0,800,min,0.053248095,-0.106557143,-1.053309524
1988,10,0.712,non_eddy,0.712,0.288,0,0,800,max,0.145716297,0.040261905,0.00537619
1988,10,0.712,non_eddy,0.712,0.288,0,0,800,median,0.098379579,-0.041395238,-0.637171429
1988,10,0.712,non_eddy,0.712,0.288,0,0,900,min,0.064427041,-0.059680952,-1.220880952
1988,10,0.712,non_eddy,0.712,0.288,0,0,900,max,0.134149611,0.052842857,-0.185414286
1988,10,0.712,non_eddy,0.712,0.288,0,0,900,median,0.100854748,-0.01162619,-0.718819048
1988,11,1,non_eddy,1,0,0,0,400,min,0.000696351,-0.056594286,-0.347040476
1988,11,1,non_eddy,1,0,0,0,400,max,0.035299483,0.027620952,0.04182
1988,11,1,non_eddy,1,0,0,0,400,median,0.017526455,-0.010140952,-0.122648571
1988,11,1,non_eddy,1,0,0,0,500,min,-0.008466042,-0.093255595,-0.525190873
1988,11,1,non_eddy,1,0,0,0,500,max,0.05397744,0.029319444,0.077466151
1988,11,1,non_eddy,1,0,0,0,500,median,0.022162964,-0.029368651,-0.231147877
1988,11,1,non_eddy,1,0,0,0,600,min,-0.014524325,-0.133078571,-0.965369841
1988,11,1,non_eddy,1,0,0,0,600,max,0.084671123,0.033130952,0.391863492
1988,11,1,non_eddy,1,0,0,0,600,median,0.035251122,-0.042711905,-0.233812698
1988,11,1,non_eddy,1,0,0,0,700,min,-0.020079022,-0.115490476,-0.668577778
1988,11,1,non_eddy,1,0,0,0,700,max,0.079365959,0.089554762,0.347469841
1988,11,1,non_eddy,1,0,0,0,700,median,0.029425815,-0.030879365,-0.166368254
1988,11,1,non_eddy,1,0,0,0,800,min,-0.025470138,-0.103304762,-0.786866667
1988,11,1,non_eddy,1,0,0,0,800,max,0.082947113,0.081414286,0.725547619
1988,11,1,non_eddy,1,0,0,0,800,median,0.027911211,-0.002504762,-0.164211905
1988,11,1,non_eddy,1,0,0,0,900,min,-0.048433614,-0.050980952,-0.961466667
1988,11,1,non_eddy,1,0,0,0,900,max,0.089608418,0.045328571,0.386738095
1988,11,1,non_eddy,1,0,0,0,900,median,0.031657783,-0.019014286,-0.188947619
1988,12,0.818,non_eddy,0.818,0.176,0.006,0,400,min,0.034456945,-0.153957143,-0.760253333
1988,12,0.818,non_eddy,0.818,0.176,0.006,0,400,max,0.07277626,-0.087843878,-0.436342857
1988,12,0.818,non_eddy,0.818,0.176,0.006,0,400,median,0.049789578,-0.12245,-0.595077143
1988,12,0.818,non_eddy,0.818,0.176,0.006,0,500,min,0.036414658,-0.240712698,-1.261915476
1988,12,0.818,non_eddy,0.818,0.176,0.006,0,500,max,0.102971039,-0.090924286,-0.460326803
1988,12,0.818,non_eddy,0.818,0.176,0.006,0,500,median,0.069594152,-0.164391905,-0.813180068
1988,12,0.818,non_eddy,0.818,0.176,0.006,0,600,min,0.012566856,-0.273880952,-1.288497619
1988,12,0.818,non_eddy,0.818,0.176,0.006,0,600,max,0.120045426,-0.047890476,-0.201240476
1988,12,0.818,non_eddy,0.818,0.176,0.006,0,600,median,0.053382337,-0.133835714,-0.718395238
1988,12,0.818,non_eddy,0.818,0.176,0.006,0,700,min,0.005856628,-0.210080952,-1.325440476
1988,12,0.818,non_eddy,0.818,0.176,0.006,0,700,max,0.115835644,-0.024009524,-0.155261905
1988,12,0.818,non_eddy,0.818,0.176,0.006,0,700,median,0.054537634,-0.105988095,-0.715159524
1988,12,0.818,non_eddy,0.818,0.176,0.006,0,800,min,-0.013571661,-0.122985714,-1.179742857
1988,12,0.818,non_eddy,0.818,0.176,0.006,0,800,max,0.101316285,0.016914286,0.146485714
1988,12,0.818,non_eddy,0.818,0.176,0.006,0,800,median,0.03454878,-0.056942857,-0.413335714
1988,12,0.818,non_eddy,0.818,0.176,0.006,0,900,min,-0.049567474,-0.063057143,-0.563585714
1988,12,0.818,non_eddy,0.818,0.176,0.006,0,900,max,0.03932724,0.015214286,0.472142857
1988,12,0.818,non_eddy,0.818,0.176,0.006,0,900,median,0.000749908,-0.023742857,-0.084142857
1989,1,0.924,non_eddy,0.924,0,0.076,0,400,min,-0.031372072,-0.041678571,-0.250981429
1989,1,0.924,non_eddy,0.924,0,0.076,0,400,max,0.013354169,0.024345714,0.251412857
1989,1,0.924,non_eddy,0.924,0,0.076,0,400,median,-0.011704144,-0.010625714,-0.001597857
1989,1,0.924,non_eddy,0.924,0,0.076,0,500,min,-0.0232217,-0.047012857,-0.457227619
1989,1,0.924,non_eddy,0.924,0,0.076,0,500,max,0.047306044,0.047764167,0.224380357
1989,1,0.924,non_eddy,0.924,0,0.076,0,500,median,0.00492894,-0.001246786,-0.057157381
1989,1,0.924,non_eddy,0.924,0,0.076,0,600,min,-0.030316664,-0.03445,-0.235338095
1989,1,0.924,non_eddy,0.924,0,0.076,0,600,max,0.026243161,0.068657143,0.460107143
1989,1,0.924,non_eddy,0.924,0,0.076,0,600,median,-0.012012192,0.034914286,0.156804762
1989,1,0.924,non_eddy,0.924,0,0.076,0,700,min,-0.054550193,0.001566667,-0.027166667
1989,1,0.924,non_eddy,0.924,0,0.076,0,700,max,0.006021884,0.081838095,0.689238095
1989,1,0.924,non_eddy,0.924,0,0.076,0,700,median,-0.027589802,0.051607143,0.457857143
1989,1,0.924,non_eddy,0.924,0,0.076,0,800,min,-0.080536124,0.0547,0.397157143
1989,1,0.924,non_eddy,0.924,0,0.076,0,800,max,-0.016129676,0.130128571,1.07
1989,1,0.924,non_eddy,0.924,0,0.076,0,800,median,-0.044611283,0.088957143,0.840614286
1989,1,0.924,non_eddy,0.924,0,0.076,0,900,min,-0.066156662,0.027416667,0.258266667
1989,1,0.924,non_eddy,0.924,0,0.076,0,900,max,-0.017123768,0.061242857,0.820857143
1989,1,0.924,non_eddy,0.924,0,0.076,0,900,median,-0.039826081,0.0417,0.502071429
1989,2,0.758,anticyclonic,0.242,0,0.758,0,400,min,-0.081358186,0.020832109,0.320942744
1989,2,0.758,anticyclonic,0.242,0,0.758,0,400,max,-0.054169002,0.056167347,0.483907143
1989,2,0.758,anticyclonic,0.242,0,0.758,0,400,median,-0.064749173,0.042095714,0.403074785
1989,2,0.758,anticyclonic,0.242,0,0.758,0,500,min,-0.096358545,0.08584093,0.491562812
1989,2,0.758,anticyclonic,0.242,0,0.758,0,500,max,-0.046851072,0.187100476,0.989765714
1989,2,0.758,anticyclonic,0.242,0,0.758,0,500,median,-0.066475395,0.149347755,0.777675754
1989,2,0.758,anticyclonic,0.242,0,0.758,0,600,min,-0.145476807,0.145502381,0.871447619
1989,2,0.758,anticyclonic,0.242,0,0.758,0,600,max,-0.059984028,0.27695,1.420965079
1989,2,0.758,anticyclonic,0.242,0,0.758,0,600,median,-0.089737905,0.222338095,1.217693651
1989,2,0.758,anticyclonic,0.242,0,0.758,0,700,min,-0.147715359,0.153579762,1.121329762
1989,2,0.758,anticyclonic,0.242,0,0.758,0,700,max,-0.071285925,0.259217857,1.576004762
1989,2,0.758,anticyclonic,0.242,0,0.758,0,700,median,-0.090193942,0.219465476,1.346896429
1989,2,0.758,anticyclonic,0.242,0,0.758,0,800,min,-0.13087998,0.078342857,0.791333333
1989,2,0.758,anticyclonic,0.242,0,0.758,0,800,max,-0.073906436,0.156866667,1.287
1989,2,0.758,anticyclonic,0.242,0,0.758,0,800,median,-0.098937503,0.123842857,1.09947381
1989,2,0.758,anticyclonic,0.242,0,0.758,0,900,min,-0.077896049,-0.042619048,0.031861905
1989,2,0.758,anticyclonic,0.242,0,0.758,0,900,max,-0.031740497,-0.006161905,0.42987619
1989,2,0.758,anticyclonic,0.242,0,0.758,0,900,median,-0.05156127,-0.024930952,0.23357381
1989,3,0.876,non_eddy,0.876,0,0.124,0,400,min,-0.104638689,-0.03514898,0.087264255
1989,3,0.876,non_eddy,0.876,0,0.124,0,400,max,-0.051664683,0.012816821,0.461508844
1989,3,0.876,non_eddy,0.876,0,0.124,0,400,median,-0.071432116,-0.012823732,0.242430581
1989,3,0.876,non_eddy,0.876,0,0.124,0,500,min,-0.132783891,0.023158135,0.318060359
1989,3,0.876,non_eddy,0.876,0,0.124,0,500,max,-0.057042744,0.141553061,0.944038095
1989,3,0.876,non_eddy,0.876,0,0.124,0,500,median,-0.088227274,0.072917063,0.646807653
1989,3,0.876,non_eddy,0.876,0,0.124,0,600,min,-0.128929198,0.015757143,0.275442857
1989,3,0.876,non_eddy,0.876,0,0.124,0,600,max,-0.049761793,0.153202381,1.282650794
1989,3,0.876,non_eddy,0.876,0,0.124,0,600,median,-0.083096781,0.070053175,0.569669841
1989,3,0.876,non_eddy,0.876,0,0.124,0,700,min,-0.137481049,-0.017752381,0.101354762
1989,3,0.876,non_eddy,0.876,0,0.124,0,700,max,-0.031681218,0.132942857,1.306964286
1989,3,0.876,non_eddy,0.876,0,0.124,0,700,median,-0.06545379,0.029095238,0.508861905
1989,3,0.876,non_eddy,0.876,0,0.124,0,800,min,-0.12262989,-0.038714286,-0.0273
1989,3,0.876,non_eddy,0.876,0,0.124,0,800,max,-0.020852992,0.100242857,1.178628571
1989,3,0.876,non_eddy,0.876,0,0.124,0,800,median,-0.049337472,0.00775,0.281947619
1989,3,0.876,non_eddy,0.876,0,0.124,0,900,min,-0.085888196,-0.104271429,-0.524
1989,3,0.876,non_eddy,0.876,0,0.124,0,900,max,0.013313548,-0.002233333,0.454571429
1989,3,0.876,non_eddy,0.876,0,0.124,0,900,median,-0.027221991,-0.065666667,-0.152771429
1989,4,0.98,cyclonic,0.02,0.98,0,0,400,min,0.019153303,-0.143011088,-0.782280306
1989,4,0.98,cyclonic,0.02,0.98,0,0,400,max,0.083673603,-0.06359,-0.183809592
1989,4,0.98,cyclonic,0.02,0.98,0,0,400,median,0.065591902,-0.125742517,-0.639380187
1989,4,0.98,cyclonic,0.02,0.98,0,0,500,min,0.024669074,-0.246521446,-1.25344369
1989,4,0.98,cyclonic,0.02,0.98,0,0,500,max,0.108654496,-0.11201506,-0.537792832
1989,4,0.98,cyclonic,0.02,0.98,0,0,500,median,0.091788231,-0.200091624,-1.054626726
1989,4,0.98,cyclonic,0.02,0.98,0,0,600,min,0.042237789,-0.30188881,-1.672555397
1989,4,0.98,cyclonic,0.02,0.98,0,0,600,max,0.12999054,-0.16930119,-0.821219048
1989,4,0.98,cyclonic,0.02,0.98,0,0,600,median,0.101342374,-0.255624524,-1.358845476
1989,4,0.98,cyclonic,0.02,0.98,0,0,700,min,0.068930564,-0.330365952,-2.073399048
1989,4,0.98,cyclonic,0.02,0.98,0,0,700,max,0.152198897,-0.223710714,-1.072633333
1989,4,0.98,cyclonic,0.02,0.98,0,0,700,median,0.126194242,-0.298896905,-1.779135714
1989,4,0.98,cyclonic,0.02,0.98,0,0,800,min,0.082505304,-0.289018571,-2.291864286
1989,4,0.98,cyclonic,0.02,0.98,0,0,800,max,0.166064686,-0.196407143,-1.383564286
1989,4,0.98,cyclonic,0.02,0.98,0,0,800,median,0.137335195,-0.25725,-2.047778571
1989,4,0.98,cyclonic,0.02,0.98,0,0,900,min,0.087880708,-0.13087,-1.695822857
1989,4,0.98,cyclonic,0.02,0.98,0,0,900,max,0.155140974,-0.09185,-1.046785714
1989,4,0.98,cyclonic,0.02,0.98,0,0,900,median,0.13441382,-0.116807143,-1.486858571
1989,5,0.988,cyclonic,0.012,0.988,0,0,400,min,0.044491151,-0.113527143,-0.769148571
1989,5,0.988,cyclonic,0.012,0.988,0,0,400,max,0.088310481,-0.069106463,-0.339007483
1989,5,0.988,cyclonic,0.012,0.988,0,0,400,median,0.066786837,-0.095621905,-0.564792857
1989,5,0.988,cyclonic,0.012,0.988,0,0,500,min,0.057972233,-0.222129167,-1.328946667
1989,5,0.988,cyclonic,0.012,0.988,0,0,500,max,0.136859351,-0.124322619,-0.706798027
1989,5,0.988,cyclonic,0.012,0.988,0,0,500,median,0.102214308,-0.17588006,-0.961243095
1989,5,0.988,cyclonic,0.012,0.988,0,0,600,min,0.077409857,-0.27082381,-1.644430952
1989,5,0.988,cyclonic,0.012,0.988,0,0,600,max,0.155230503,-0.139840476,-0.754542857
1989,5,0.988,cyclonic,0.012,0.988,0,0,600,median,0.119001221,-0.201027381,-1.243961905
1989,5,0.988,cyclonic,0.012,0.988,0,0,700,min,0.11699482,-0.291504762,-2.185038095
1989,5,0.988,cyclonic,0.012,0.988,0,0,700,max,0.193227415,-0.15612381,-1.056607143
1989,5,0.988,cyclonic,0.012,0.988,0,0,700,median,0.150671227,-0.217197619,-1.611
1989,5,0.988,cyclonic,0.012,0.988,0,0,800,min,0.140873745,-0.251171429,-2.317557143
1989,5,0.988,cyclonic,0.012,0.988,0,0,800,max,0.208098247,-0.137442857,-1.485271429
1989,5,0.988,cyclonic,0.012,0.988,0,0,800,median,0.173016667,-0.194635714,-1.883
1989,5,0.988,cyclonic,0.012,0.988,0,0,900,min,0.157467019,-0.128985714,-2.161142857
1989,5,0.988,cyclonic,0.012,0.988,0,0,900,max,0.226380324,-0.059057143,-1.4564
1989,5,0.988,cyclonic,0.012,0.988,0,0,900,median,0.19309283,-0.107214286,-1.829657143
1989,6,0.678,cyclonic,0.318,0.678,0.002,0.002,400,min,0.117658024,-0.040928571,-0.74795619
1989,6,0.678,cyclonic,0.318,0.678,0.002,0.002,400,max,0.160006045,-0.001213333,-0.492631429
1989,6,0.678,cyclonic,0.318,0.678,0.002,0.002,400,median,0.139831893,-0.01751873,-0.641062381
1989,6,0.678,cyclonic,0.318,0.678,0.002,0.002,500,min,0.145534644,-0.123253016,-1.254964603
1989,6,0.678,cyclonic,0.318,0.678,0.002,0.002,500,max,0.193503232,-0.037512778,-0.791815079
1989,6,0.678,cyclonic,0.318,0.678,0.002,0.002,500,median,0.175359224,-0.078981667,-0.962656111
1989,6,0.678,cyclonic,0.318,0.678,0.002,0.002,600,min,0.16822122,-0.147439683,-1.472345238
1989,6,0.678,cyclonic,0.318,0.678,0.002,0.002,600,max,0.235996664,-0.046288889,-0.899071429
1989,6,0.678,cyclonic,0.318,0.678,0.002,0.002,600,median,0.194879463,-0.08537619,-1.195385714
1989,6,0.678,cyclonic,0.318,0.678,0.002,0.002,700,min,0.179177812,-0.163647222,-1.805798016
1989,6,0.678,cyclonic,0.318,0.678,0.002,0.002,700,max,0.241933188,-0.067807143,-1.120552778
1989,6,0.678,cyclonic,0.318,0.678,0.002,0.002,700,median,0.206429084,-0.102577778,-1.421524802
1989,6,0.678,cyclonic,0.318,0.678,0.002,0.002,800,min,0.174849406,-0.128711111,-1.876333333
1989,6,0.678,cyclonic,0.318,0.678,0.002,0.002,800,max,0.237177646,-0.040833333,-1.2485
1989,6,0.678,cyclonic,0.318,0.678,0.002,0.002,800,median,0.203600642,-0.079307937,-1.539242857
1989,6,0.678,cyclonic,0.318,0.678,0.002,0.002,900,min,0.159134814,-0.004590476,-1.36452381
1989,6,0.678,cyclonic,0.318,0.678,0.002,0.002,900,max,0.210622297,0.038155556,-0.822552381
1989,6,0.678,cyclonic,0.318,0.678,0.002,0.002,900,median,0.181932616,0.015255556,-1.062319048
1989,7,0.982,non_eddy,0.982,0.018,0,0,400,min,-0.028262374,-0.092932156,-0.411352229
1989,7,0.982,non_eddy,0.982,0.018,0,0,400,max,0.019244398,-0.025060714,-0.076765018
1989,7,0.982,non_eddy,0.982,0.018,0,0,400,median,-0.000371627,-0.061744061,-0.19494461
1989,7,0.982,non_eddy,0.982,0.018,0,0,500,min,-0.022898536,-0.109293333,-0.470740518
1989,7,0.982,non_eddy,0.982,0.018,0,0,500,max,0.041235528,0.007670952,0.188559539
1989,7,0.982,non_eddy,0.982,0.018,0,0,500,median,0.00655143,-0.04986609,-0.169907619
1989,7,0.982,non_eddy,0.982,0.018,0,0,600,min,-0.027791728,-0.188965079,-0.843817063
1989,7,0.982,non_eddy,0.982,0.018,0,0,600,max,0.071649346,-0.00826627,0.065880159
1989,7,0.982,non_eddy,0.982,0.018,0,0,600,median,0.026498899,-0.091039286,-0.433010714
1989,7,0.982,non_eddy,0.982,0.018,0,0,700,min,-0.041623018,-0.153660913,-0.848614286
1989,7,0.982,non_eddy,0.982,0.018,0,0,700,max,0.062200027,0.004624405,0.338802778
1989,7,0.982,non_eddy,0.982,0.018,0,0,700,median,0.005196837,-0.074644742,-0.278211111
1989,7,0.982,non_eddy,0.982,0.018,0,0,800,min,-0.044425342,-0.192504762,-1.227642857
1989,7,0.982,non_eddy,0.982,0.018,0,0,800,max,0.086850531,-0.029319048,0.115957143
1989,7,0.982,non_eddy,0.982,0.018,0,0,800,median,0.020911014,-0.110938095,-0.559971429
1989,7,0.982,non_eddy,0.982,0.018,0,0,900,min,-0.038568212,-0.101242857,-0.938414286
1989,7,0.982,non_eddy,0.982,0.018,0,0,900,max,0.081451686,-0.026290476,0.046314286
1989,7,0.982,non_eddy,0.982,0.018,0,0,900,median,0.035746935,-0.076407143,-0.584542857
1989,8,0.782,non_eddy,0.782,0.218,0,0,400,min,-0.033216896,-0.109049524,-0.360671769
1989,8,0.782,non_eddy,0.782,0.218,0,0,400,max,0.001460658,-0.062580476,-0.05674
1989,8,0.782,non_eddy,0.782,0.218,0,0,400,median,-0.014228851,-0.08596381,-0.22849619
1989,8,0.782,non_eddy,0.782,0.218,0,0,500,min,0.005951464,-0.129372406,-0.693646329
1989,8,0.782,non_eddy,0.782,0.218,0,0,500,max,0.064551748,-0.042590558,-0.177481139
1989,8,0.782,non_eddy,0.782,0.218,0,0,500,median,0.028120916,-0.081716857,-0.388090337
1989,8,0.782,non_eddy,0.782,0.218,0,0,600,min,0.007217692,-0.15787381,-0.874226984
1989,8,0.782,non_eddy,0.782,0.218,0,0,600,max,0.057825195,-0.06056645,-0.203302814
1989,8,0.782,non_eddy,0.782,0.218,0,0,600,median,0.033420212,-0.11365,-0.527456746
1989,8,0.782,non_eddy,0.782,0.218,0,0,700,min,0.057711061,-0.175035714,-1.264575397
1989,8,0.782,non_eddy,0.782,0.218,0,0,700,max,0.131916572,-0.056341775,-0.565610823
1989,8,0.782,non_eddy,0.782,0.218,0,0,700,median,0.087130487,-0.112528571,-0.88943557
1989,8,0.782,non_eddy,0.782,0.218,0,0,800,min,0.030259398,-0.163604762,-1.223242857
1989,8,0.782,non_eddy,0.782,0.218,0,0,800,max,0.086796012,-0.059614286,-0.420914286
1989,8,0.782,non_eddy,0.782,0.218,0,0,800,median,0.060640021,-0.123847619,-0.905985714
1989,8,0.782,non_eddy,0.782,0.218,0,0,900,min,0.03099906,-0.100066667,-1.114885714
1989,8,0.782,non_eddy,0.782,0.218,0,0,900,max,0.092878732,-0.037514286,-0.496942857
1989,8,0.782,non_eddy,0.782,0.218,0,0,900,median,0.063412457,-0.075516667,-0.791871429
1989,10,0.998,non_eddy,0.998,0,0.002,0,400,min,-0.062040053,-0.057094286,-0.081434286
1989,10,0.998,non_eddy,0.998,0,0.002,0,400,max,-0.010039385,-0.003498095,0.309402551
1989,10,0.998,non_eddy,0.998,0,0.002,0,400,median,-0.038961436,-0.02560381,0.081437143
1989,10,0.998,non_eddy,0.998,0,0.002,0,500,min,-0.0717475,-0.03797619,-0.134443571
1989,10,0.998,non_eddy,0.998,0,0.002,0,500,max,0.00467283,0.086141845,0.573107024
1989,10,0.998,non_eddy,0.998,0,0.002,0,500,median,-0.037162213,0.016506607,0.23542369
1989,10,0.998,non_eddy,0.998,0,0.002,0,600,min,-0.075998698,-0.064938889,-0.369964286
1989,10,0.998,non_eddy,0.998,0,0.002,0,600,max,0.039965036,0.103597619,0.754431746
1989,10,0.998,non_eddy,0.998,0,0.002,0,600,median,-0.006219541,0.011334127,0.12092381
1989,10,0.998,non_eddy,0.998,0,0.002,0,700,min,-0.074085556,-0.013865873,-0.075384127
1989,10,0.998,non_eddy,0.998,0,0.002,0,700,max,0.019016241,0.203984127,1.050706349
1989,10,0.998,non_eddy,0.998,0,0.002,0,700,median,-0.026820996,0.069754762,0.475444444
1989,10,0.998,non_eddy,0.998,0,0.002,0,800,min,-0.065883997,-0.083947619,-0.329214286
1989,10,0.998,non_eddy,0.998,0,0.002,0,800,max,0.036522523,0.09697619,0.61492381
1989,10,0.998,non_eddy,0.998,0,0.002,0,800,median,-0.014123652,-0.012009524,0.092590476
1989,10,0.998,non_eddy,0.998,0,0.002,0,900,min,-0.090957757,-0.069166667,-0.390395238
1989,10,0.998,non_eddy,0.998,0,0.002,0,900,max,0.032170074,0.053471429,0.642080952
1989,10,0.998,non_eddy,0.998,0,0.002,0,900,median,-0.022898707,-0.023602381,0.076547619
1989,11,0.562,non_eddy,0.562,0,0.432,0.006,400,min,-0.042690908,-0.062344286,-0.225254762
1989,11,0.562,non_eddy,0.562,0,0.432,0.006,400,max,-0.005461356,0.0159,0.219657143
1989,11,0.562,non_eddy,0.562,0,0.432,0.006,400,median,-0.024305733,-0.01665619,0.033333333
1989,11,0.562,non_eddy,0.562,0,0.432,0.006,500,min,-0.100713697,0.003085119,0.055148095
1989,11,0.562,non_eddy,0.562,0,0.432,0.006,500,max,-0.01753496,0.156506944,0.721349008
1989,11,0.562,non_eddy,0.562,0,0.432,0.006,500,median,-0.050668504,0.072410873,0.428334127
1989,11,0.562,non_eddy,0.562,0,0.432,0.006,600,min,-0.130851629,0.022192857,0.124742857
1989,11,0.562,non_eddy,0.562,0,0.432,0.006,600,max,-0.008099089,0.193583333,1.41852381
1989,11,0.562,non_eddy,0.562,0,0.432,0.006,600,median,-0.06864473,0.10762619,0.658375397
1989,11,0.562,non_eddy,0.562,0,0.432,0.006,700,min,-0.149992974,0.031274603,0.406154762
1989,11,0.562,non_eddy,0.562,0,0.432,0.006,700,max,-0.048867564,0.190303175,1.561490476
1989,11,0.562,non_eddy,0.562,0,0.432,0.006,700,median,-0.105239378,0.102897222,0.881638889
1989,11,0.562,non_eddy,0.562,0,0.432,0.006,800,min,-0.142385678,0.020390476,0.343566667
1989,11,0.562,non_eddy,0.562,0,0.432,0.006,800,max,-0.042434597,0.17757619,1.682752381
1989,11,0.562,non_eddy,0.562,0,0.432,0.006,800,median,-0.098387701,0.098469048,1.00587619
1989,11,0.562,non_eddy,0.562,0,0.432,0.006,900,min,-0.127146254,0.010766667,0.32352381
1989,11,0.562,non_eddy,0.562,0,0.432,0.006,900,max,-0.035171655,0.10602381,1.341419048
1989,11,0.562,non_eddy,0.562,0,0.432,0.006,900,median,-0.077553463,0.04767381,0.753180952
1989,12,0.804,cyclonic,0.192,0.804,0.004,0,400,min,0.004349944,-0.165761905,-0.72759381
1989,12,0.804,cyclonic,0.192,0.804,0.004,0,400,max,0.049812848,-0.09675102,-0.344634286
1989,12,0.804,cyclonic,0.192,0.804,0.004,0,400,median,0.028576073,-0.128172449,-0.517490476
1989,12,0.804,cyclonic,0.192,0.804,0.004,0,500,min,0.033274071,-0.289534603,-1.21901881
1989,12,0.804,cyclonic,0.192,0.804,0.004,0,500,max,0.098892965,-0.103495714,-0.468224422
1989,12,0.804,cyclonic,0.192,0.804,0.004,0,500,median,0.069493027,-0.170197619,-0.886704076
1989,12,0.804,cyclonic,0.192,0.804,0.004,0,600,min,0.034375974,-0.311895238,-1.65487381
1989,12,0.804,cyclonic,0.192,0.804,0.004,0,600,max,0.123511568,-0.143835714,-0.667107143
1989,12,0.804,cyclonic,0.192,0.804,0.004,0,600,median,0.079040794,-0.225102381,-1.126882143
1989,12,0.804,cyclonic,0.192,0.804,0.004,0,700,min,0.003264278,-0.28925,-1.646564286
1989,12,0.804,cyclonic,0.192,0.804,0.004,0,700,max,0.102446968,-0.125528571,-0.520716667
1989,12,0.804,cyclonic,0.192,0.804,0.004,0,700,median,0.045218632,-0.197416667,-1.049021429
1989,12,0.804,cyclonic,0.192,0.804,0.004,0,800,min,0.052112149,-0.254985714,-1.992842857
1989,12,0.804,cyclonic,0.192,0.804,0.004,0,800,max,0.143362187,-0.121371429,-0.8488
1989,12,0.804,cyclonic,0.192,0.804,0.004,0,800,median,0.09439824,-0.191735714,-1.410121429
1989,12,0.804,cyclonic,0.192,0.804,0.004,0,900,min,0.0666542,-0.099571429,-1.520671429
1989,12,0.804,cyclonic,0.192,0.804,0.004,0,900,max,0.151087051,-0.024028571,-0.621842857
1989,12,0.804,cyclonic,0.192,0.804,0.004,0,900,median,0.109844874,-0.069057143,-1.060342857
1990,1,0.934,non_eddy,0.934,0.064,0.002,0,400,min,-0.032805475,-0.102464286,-0.380771429
1990,1,0.934,non_eddy,0.934,0.064,0.002,0,400,max,0.01089738,-0.042904286,0.032095714
1990,1,0.934,non_eddy,0.934,0.064,0.002,0,400,median,-0.007335049,-0.074114286,-0.16753
1990,1,0.934,non_eddy,0.934,0.064,0.002,0,500,min,-0.00490062,-0.160475132,-0.791055952
1990,1,0.934,non_eddy,0.934,0.064,0.002,0,500,max,0.067717607,-0.042230476,-0.148309762
1990,1,0.934,non_eddy,0.934,0.064,0.002,0,500,median,0.036633546,-0.108801548,-0.443285119
1990,1,0.934,non_eddy,0.934,0.064,0.002,0,600,min,0.0024599,-0.146211905,-0.844938095
1990,1,0.934,non_eddy,0.934,0.064,0.002,0,600,max,0.067437498,-0.051540476,-0.1364
1990,1,0.934,non_eddy,0.934,0.064,0.002,0,600,median,0.030630431,-0.082752381,-0.439695238
1990,1,0.934,non_eddy,0.934,0.064,0.002,0,700,min,-0.007475537,-0.157985714,-0.902516667
1990,1,0.934,non_eddy,0.934,0.064,0.002,0,700,max,0.073128168,-0.038490476,-0.114857143
1990,1,0.934,non_eddy,0.934,0.064,0.002,0,700,median,0.03103475,-0.087504762,-0.452738095
1990,1,0.934,non_eddy,0.934,0.064,0.002,0,800,min,-0.031498735,-0.107616667,-0.754985714
1990,1,0.934,non_eddy,0.934,0.064,0.002,0,800,max,0.048130466,-0.008114286,0.019671429
1990,1,0.934,non_eddy,0.934,0.064,0.002,0,800,median,0.006396924,-0.065464286,-0.302642857
1990,1,0.934,non_eddy,0.934,0.064,0.002,0,900,min,-0.021901329,-0.0889,-0.696533333
1990,1,0.934,non_eddy,0.934,0.064,0.002,0,900,max,0.040374693,-0.043428571,-0.081742857
1990,1,0.934,non_eddy,0.934,0.064,0.002,0,900,median,0.006900108,-0.068757143,-0.424592857
1990,2,0.5,non_eddy,0.5,0.242,0.25,0.008,400,min,-0.057013505,-0.134820952,-0.315100317
1990,2,0.5,non_eddy,0.5,0.242,0.25,0.008,400,max,-0.029044739,-0.109168571,-0.081147143
1990,2,0.5,non_eddy,0.5,0.242,0.25,0.008,400,median,-0.041564191,-0.123492517,-0.221755873
1990,2,0.5,non_eddy,0.5,0.242,0.25,0.008,500,min,-0.150731406,-0.257101213,-0.333906865
1990,2,0.5,non_eddy,0.5,0.242,0.25,0.008,500,max,-0.09721451,-0.168634444,0.066930402
1990,2,0.5,non_eddy,0.5,0.242,0.25,0.008,500,median,-0.125631219,-0.206817035,-0.141431987
1990,2,0.5,non_eddy,0.5,0.242,0.25,0.008,600,min,-0.2761775,-0.377021429,-0.439001587
1990,2,0.5,non_eddy,0.5,0.242,0.25,0.008,600,max,-0.209545763,-0.264740476,0.29539127
1990,2,0.5,non_eddy,0.5,0.242,0.25,0.008,600,median,-0.243179367,-0.319747619,0.035688095
1990,2,0.5,non_eddy,0.5,0.242,0.25,0.008,700,min,-0.31101179,-0.320180952,0.082547619
1990,2,0.5,non_eddy,0.5,0.242,0.25,0.008,700,max,-0.25732141,-0.232282143,0.684657143
1990,2,0.5,non_eddy,0.5,0.242,0.25,0.008,700,median,-0.279106824,-0.282379762,0.361676786
1990,2,0.5,non_eddy,0.5,0.242,0.25,0.008,800,min,-0.196926051,-0.154285714,0.243704762
1990,2,0.5,non_eddy,0.5,0.242,0.25,0.008,800,max,-0.14251433,-0.08307619,0.792771429
1990,2,0.5,non_eddy,0.5,0.242,0.25,0.008,800,median,-0.167613273,-0.115916667,0.456578571
1990,2,0.5,non_eddy,0.5,0.242,0.25,0.008,900,min,-0.092994875,-0.010471429,0.272742857
1990,2,0.5,non_eddy,0.5,0.242,0.25,0.008,900,max,-0.049897027,0.024309524,0.7424
1990,2,0.5,non_eddy,0.5,0.242,0.25,0.008,900,median,-0.069810423,0.007871429,0.498609524
1990,3,0.872,non_eddy,0.872,0.008,0.104,0.016,400,min,0.054112414,-0.012628417,-0.500377922
1990,3,0.872,non_eddy,0.872,0.008,0.104,0.016,400,max,0.117106462,0.041643878,-0.11437619
1990,3,0.872,non_eddy,0.872,0.008,0.104,0.016,400,median,0.088751379,0.008962925,-0.324480952
1990,3,0.872,non_eddy,0.872,0.008,0.104,0.016,500,min,0.028896689,-0.01904993,-0.447344403
1990,3,0.872,non_eddy,0.872,0.008,0.104,0.016,500,max,0.098635875,0.100526871,0.291297619
1990,3,0.872,non_eddy,0.872,0.008,0.104,0.016,500,median,0.064330202,0.032604236,-0.163961147
1990,3,0.872,non_eddy,0.872,0.008,0.104,0.016,600,min,-0.022048767,0.01497381,-0.249428571
1990,3,0.872,non_eddy,0.872,0.008,0.104,0.016,600,max,0.065743798,0.159353175,0.692550794
1990,3,0.872,non_eddy,0.872,0.008,0.104,0.016,600,median,0.03117247,0.066196032,0.081079365
1990,3,0.872,non_eddy,0.872,0.008,0.104,0.016,700,min,-0.028761942,0.027061905,-0.213990476
1990,3,0.872,non_eddy,0.872,0.008,0.104,0.016,700,max,0.083783866,0.193990476,0.964540476
1990,3,0.872,non_eddy,0.872,0.008,0.104,0.016,700,median,0.026945574,0.091247619,0.220736905
1990,3,0.872,non_eddy,0.872,0.008,0.104,0.016,800,min,-0.057586757,0.074,0.033352381
1990,3,0.872,non_eddy,0.872,0.008,0.104,0.016,800,max,0.049786534,0.225142857,1.432966667
1990,3,0.872,non_eddy,0.872,0.008,0.104,0.016,800,median,0.014471953,0.14445,0.578385714
1990,3,0.872,non_eddy,0.872,0.008,0.104,0.016,900,min,-0.070109928,0.111166667,0.287838095
1990,3,0.872,non_eddy,0.872,0.008,0.104,0.016,900,max,0.023006236,0.195509524,1.343809524
1990,3,0.872,non_eddy,0.872,0.008,0.104,0.016,900,median,-0.005635602,0.14777381,0.751357143
1990,4,0.84,non_eddy,0.84,0,0.16,0,400,min,-0.144575034,0.001753197,0.279537551
1990,4,0.84,non_eddy,0.84,0,0.16,0,400,max,-0.076681611,0.091367007,0.924972551
1990,4,0.84,non_eddy,0.84,0,0.16,0,400,median,-0.098470644,0.031291293,0.494190952
1990,4,0.84,non_eddy,0.84,0,0.16,0,500,min,-0.127774856,-0.001549124,0.212836241
1990,4,0.84,non_eddy,0.84,0,0.16,0,500,max,-0.051497183,0.142519464,0.998346738
1990,4,0.84,non_eddy,0.84,0,0.16,0,500,median,-0.076519534,0.05868659,0.532867377
1990,4,0.84,non_eddy,0.84,0,0.16,0,600,min,-0.141511598,0.017624286,0.352058889
1990,4,0.84,non_eddy,0.84,0,0.16,0,600,max,-0.061504717,0.168253571,1.195264286
1990,4,0.84,non_eddy,0.84,0,0.16,0,600,median,-0.091908869,0.090666667,0.70120254
1990,4,0.84,non_eddy,0.84,0,0.16,0,700,min,-0.117106742,-0.035998095,-0.004951429
1990,4,0.84,non_eddy,0.84,0,0.16,0,700,max,-0.033200877,0.095294048,1.160404762
1990,4,0.84,non_eddy,0.84,0,0.16,0,700,median,-0.063873444,0.025915,0.421077143
1990,4,0.84,non_eddy,0.84,0,0.16,0,800,min,-0.127720008,-0.021311429,0.097085714
1990,4,0.84,non_eddy,0.84,0,0.16,0,800,max,-0.03598109,0.087867143,1.112807143
1990,4,0.84,non_eddy,0.84,0,0.16,0,800,median,-0.065182844,0.024692143,0.525985714
1990,4,0.84,non_eddy,0.84,0,0.16,0,900,min,-0.08372935,-0.05622,-0.340822857
1990,4,0.84,non_eddy,0.84,0,0.16,0,900,max,0.013349409,-0.002392857,0.478391429
1990,4,0.84,non_eddy,0.84,0,0.16,0,900,median,-0.019166134,-0.032614286,-0.034514286
1990,5,0.962,cyclonic,0.038,0.962,0,0,400,min,0.053235556,-0.166727143,-0.929447619
1990,5,0.962,cyclonic,0.038,0.962,0,0,400,max,0.098288887,-0.119262857,-0.595476531
1990,5,0.962,cyclonic,0.038,0.962,0,0,400,median,0.084164374,-0.144440952,-0.765771429
1990,5,0.962,cyclonic,0.038,0.962,0,0,500,min,0.090158834,-0.268386706,-1.488959762
1990,5,0.962,cyclonic,0.038,0.962,0,0,500,max,0.15112566,-0.18159966,-0.993948424
1990,5,0.962,cyclonic,0.038,0.962,0,0,500,median,0.123082211,-0.220802976,-1.2436025
1990,5,0.962,cyclonic,0.038,0.962,0,0,600,min,0.080541382,-0.315652381,-1.803247619
1990,5,0.962,cyclonic,0.038,0.962,0,0,600,max,0.15042961,-0.194130952,-1.007514286
1990,5,0.962,cyclonic,0.038,0.962,0,0,600,median,0.120827827,-0.250814286,-1.4507
1990,5,0.962,cyclonic,0.038,0.962,0,0,700,min,0.078357595,-0.303947619,-1.973957143
1990,5,0.962,cyclonic,0.038,0.962,0,0,700,max,0.159864863,-0.184445238,-1.120364286
1990,5,0.962,cyclonic,0.038,0.962,0,0,700,median,0.115741823,-0.246597619,-1.500616667
1990,5,0.962,cyclonic,0.038,0.962,0,0,800,min,0.08944394,-0.217285714,-1.848142857
1990,5,0.962,cyclonic,0.038,0.962,0,0,800,max,0.160695499,-0.0853,-1.046428571
1990,5,0.962,cyclonic,0.038,0.962,0,0,800,median,0.122171377,-0.158457143,-1.392157143
1990,5,0.962,cyclonic,0.038,0.962,0,0,900,min,0.058423563,-0.056785714,-1.176028571
1990,5,0.962,cyclonic,0.038,0.962,0,0,900,max,0.13283556,0.002385714,-0.490671429
1990,5,0.962,cyclonic,0.038,0.962,0,0,900,median,0.094852357,-0.022242857,-0.751428571
1990,6,0.998,non_eddy,0.998,0,0.002,0,400,min,-0.055872878,-0.048984444,-0.123548571
1990,6,0.998,non_eddy,0.998,0,0.002,0,400,max,0.000175823,0.008102222,0.204461905
1990,6,0.998,non_eddy,0.998,0,0.002,0,400,median,-0.034501748,-0.024528889,0.055724762
1990,6,0.998,non_eddy,0.998,0,0.002,0,500,min,-0.046062414,-0.073161389,-0.314682143
1990,6,0.998,non_eddy,0.998,0,0.002,0,500,max,0.033394899,0.022223333,0.31300373
1990,6,0.998,non_eddy,0.998,0,0.002,0,500,median,-0.012340744,-0.017425635,-0.003933016
1990,6,0.998,non_eddy,0.998,0,0.002,0,600,min,-0.064926403,-0.066235185,-0.161857143
1990,6,0.998,non_eddy,0.998,0,0.002,0,600,max,0.015578209,0.058966667,0.507904762
1990,6,0.998,non_eddy,0.998,0,0.002,0,600,median,-0.031249576,0.010351984,0.2228
1990,6,0.998,non_eddy,0.998,0,0.002,0,700,min,-0.078864205,-0.061913889,-0.202225
1990,6,0.998,non_eddy,0.998,0,0.002,0,700,max,0.004302039,0.063147222,0.623155159
1990,6,0.998,non_eddy,0.998,0,0.002,0,700,median,-0.034710052,0.010990476,0.295121825
1990,6,0.998,non_eddy,0.998,0,0.002,0,800,min,-0.061103605,-0.048944444,-0.280171429
1990,6,0.998,non_eddy,0.998,0,0.002,0,800,max,0.025178065,0.040477778,0.466609524
1990,6,0.998,non_eddy,0.998,0,0.002,0,800,median,-0.027902346,-0.001157143,0.158354762
1990,6,0.998,non_eddy,0.998,0,0.002,0,900,min,-0.033041863,-0.034044444,-0.374209524
1990,6,0.998,non_eddy,0.998,0,0.002,0,900,max,0.033618787,0.008088889,0.298342857
1990,6,0.998,non_eddy,0.998,0,0.002,0,900,median,-0.001461196,-0.016780952,0.026590476
1990,7,1,non_eddy,1,0,0,0,400,min,-0.05349812,-0.023658163,-0.083209372
1990,7,1,non_eddy,1,0,0,0,400,max,0.001065258,0.065253571,0.360164286
1990,7,1,non_eddy,1,0,0,0,400,median,-0.021128751,0.017038592,0.151403009
1990,7,1,non_eddy,1,0,0,0,500,min,-0.069952954,-0.032192738,-0.129337358
1990,7,1,non_eddy,1,0,0,0,500,max,0.013748655,0.093561172,0.506377778
1990,7,1,non_eddy,1,0,0,0,500,median,-0.02140052,0.03205131,0.211865276
1990,7,1,non_eddy,1,0,0,0,600,min,-0.0489098,-0.05314881,-0.328751984
1990,7,1,non_eddy,1,0,0,0,600,max,0.053343121,0.131162302,0.72663254
1990,7,1,non_eddy,1,0,0,0,600,median,-0.00023434,0.038419048,0.160419444
1990,7,1,non_eddy,1,0,0,0,700,min,-0.041291758,-0.00857381,-0.255507937
1990,7,1,non_eddy,1,0,0,0,700,max,0.063328623,0.153112302,0.799073016
1990,7,1,non_eddy,1,0,0,0,700,median,0.006404435,0.070379464,0.249415873
1990,7,1,non_eddy,1,0,0,0,800,min,-0.032918825,-0.079361905,-0.841157143
1990,7,1,non_eddy,1,0,0,0,800,max,0.088844761,0.106238095,0.757535714
1990,7,1,non_eddy,1,0,0,0,800,median,0.026181911,0.008519048,-0.037957143
1990,7,1,non_eddy,1,0,0,0,900,min,-0.049737782,-0.035128571,-0.623257143
1990,7,1,non_eddy,1,0,0,0,900,max,0.07748617,0.051566667,0.452714286
1990,7,1,non_eddy,1,0,0,0,900,median,0.028841408,-0.006614286,-0.18527619
1990,9,0.992,non_eddy,0.992,0.004,0.004,0,400,min,-0.007004193,-0.079271429,-0.368737143
1990,9,0.992,non_eddy,0.992,0.004,0.004,0,400,max,0.03128058,-0.036090238,-0.064284286
1990,9,0.992,non_eddy,0.992,0.004,0.004,0,400,median,0.016965454,-0.061319524,-0.274822857
1990,9,0.992,non_eddy,0.992,0.004,0.004,0,500,min,-0.021341492,-0.122789841,-0.612905595
1990,9,0.992,non_eddy,0.992,0.004,0.004,0,500,max,0.049076033,-0.004783274,0.07012256
1990,9,0.992,non_eddy,0.992,0.004,0.004,0,500,median,0.02885102,-0.072332341,-0.343984702
1990,9,0.992,non_eddy,0.992,0.004,0.004,0,600,min,-0.011902409,-0.129653175,-0.588021429
1990,9,0.992,non_eddy,0.992,0.004,0.004,0,600,max,0.0539175,-0.020979365,-0.030411905
1990,9,0.992,non_eddy,0.992,0.004,0.004,0,600,median,0.030674459,-0.07657381,-0.397731746
1990,9,0.992,non_eddy,0.992,0.004,0.004,0,700,min,-0.027170085,-0.067309524,-0.545307143
1990,9,0.992,non_eddy,0.992,0.004,0.004,0,700,max,0.050967279,0.058060317,0.417264286
1990,9,0.992,non_eddy,0.992,0.004,0.004,0,700,median,0.024665644,-0.018846032,-0.170510317
1990,9,0.992,non_eddy,0.992,0.004,0.004,0,800,min,-0.025073651,-0.012895238,-0.22232381
1990,9,0.992,non_eddy,0.992,0.004,0.004,0,800,max,0.037217963,0.080057143,0.672890476
1990,9,0.992,non_eddy,0.992,0.004,0.004,0,800,median,0.008833204,0.02822381,0.091990476
1990,9,0.992,non_eddy,0.992,0.004,0.004,0,900,min,-0.025041424,-0.050066667,-0.506652381
1990,9,0.992,non_eddy,0.992,0.004,0.004,0,900,max,0.041177333,-0.000880952,0.195309524
1990,9,0.992,non_eddy,0.992,0.004,0.004,0,900,median,0.01621082,-0.025552381,-0.249666667
1990,10,0.992,non_eddy,0.992,0.008,0,0,400,min,-0.015071029,-0.067887143,-0.372779048
1990,10,0.992,non_eddy,0.992,0.008,0,0,400,max,0.038436229,-0.01407381,-0.039500476
1990,10,0.992,non_eddy,0.992,0.008,0,0,400,median,0.010554754,-0.041277143,-0.1765975
1990,10,0.992,non_eddy,0.992,0.008,0,0,500,min,-0.007653202,-0.110791667,-0.711085238
1990,10,0.992,non_eddy,0.992,0.008,0,0,500,max,0.068660951,0.001579881,0.094565816
1990,10,0.992,non_eddy,0.992,0.008,0,0,500,median,0.023978549,-0.05754,-0.288125417
1990,10,0.992,non_eddy,0.992,0.008,0,0,600,min,-0.010052922,-0.182200794,-0.941968254
1990,10,0.992,non_eddy,0.992,0.008,0,0,600,max,0.101465634,0.016156349,0.064480159
1990,10,0.992,non_eddy,0.992,0.008,0,0,600,median,0.038559918,-0.094952381,-0.437720635
1990,10,0.992,non_eddy,0.992,0.008,0,0,700,min,-0.002638207,-0.176294444,-0.999862698
1990,10,0.992,non_eddy,0.992,0.008,0,0,700,max,0.108994931,-0.001907143,0.211618254
1990,10,0.992,non_eddy,0.992,0.008,0,0,700,median,0.043252874,-0.095731349,-0.570936508
1990,10,0.992,non_eddy,0.992,0.008,0,0,800,min,-0.029619392,-0.128590476,-1.011580952
1990,10,0.992,non_eddy,0.992,0.008,0,0,800,max,0.07671217,0.036490476,0.261309524
1990,10,0.992,non_eddy,0.992,0.008,0,0,800,median,0.028307907,-0.07407619,-0.429321429
1990,10,0.992,non_eddy,0.992,0.008,0,0,900,min,-0.020470543,-0.115852381,-1.041452381
1990,10,0.992,non_eddy,0.992,0.008,0,0,900,max,0.081848408,-0.002257143,0.009866667
1990,10,0.992,non_eddy,0.992,0.008,0,0,900,median,0.032986389,-0.070666667,-0.51522381
1990,11,1,non_eddy,1,0,0,0,400,min,-0.042828492,-0.02633,-0.14572
1990,11,1,non_eddy,1,0,0,0,400,max,0.000468984,0.067292381,0.390391429
1990,11,1,non_eddy,1,0,0,0,400,median,-0.018977101,0.018013929,0.149044286
1990,11,1,non_eddy,1,0,0,0,500,min,-0.035148889,-0.075779405,-0.349352778
1990,11,1,non_eddy,1,0,0,0,500,max,0.044359664,0.086217063,0.329018929
1990,11,1,non_eddy,1,0,0,0,500,median,-0.002206905,0.004601567,0.022239861
1990,11,1,non_eddy,1,0,0,0,600,min,-0.035653832,-0.133047619,-0.800385714
1990,11,1,non_eddy,1,0,0,0,600,max,0.072065571,0.06207381,0.311928571
1990,11,1,non_eddy,1,0,0,0,600,median,0.015362358,-0.023047619,-0.16817619
1990,11,1,non_eddy,1,0,0,0,700,min,-0.049553816,-0.101307937,-0.725854762
1990,11,1,non_eddy,1,0,0,0,700,max,0.068365556,0.078130952,0.551906349
1990,11,1,non_eddy,1,0,0,0,700,median,0.003409575,-0.013119841,-0.099747619
1990,11,1,non_eddy,1,0,0,0,800,min,-0.058505513,-0.080261905,-0.643242857
1990,11,1,non_eddy,1,0,0,0,800,max,0.045091466,0.089857143,0.658766667
1990,11,1,non_eddy,1,0,0,0,800,median,-0.013856461,-0.007219048,0.065742857
1990,11,1,non_eddy,1,0,0,0,900,min,-0.046879925,-0.052757143,-0.540442857
1990,11,1,non_eddy,1,0,0,0,900,max,0.063203623,0.049114286,0.533790476
1990,11,1,non_eddy,1,0,0,0,900,median,0.003999955,-0.009402381,-0.069371429
1990,12,0.978,non_eddy,0.978,0,0.02,0.002,400,min,-0.020052893,-0.058231973,-0.30879619
1990,12,0.978,non_eddy,0.978,0,0.02,0.002,400,max,0.027677116,0.047472789,0.198108571
1990,12,0.978,non_eddy,0.978,0,0.02,0.002,400,median,0.000165831,-0.003359524,-0.039967619
1990,12,0.978,non_eddy,0.978,0,0.02,0.002,500,min,-0.019922806,-0.132005556,-0.736627338
1990,12,0.978,non_eddy,0.978,0,0.02,0.002,500,max,0.060389761,0.050675714,0.257387483
1990,12,0.978,non_eddy,0.978,0,0.02,0.002,500,median,0.014060324,-0.027972619,-0.168940306
1990,12,0.978,non_eddy,0.978,0,0.02,0.002,600,min,-0.025924313,-0.149361905,-0.863847619
1990,12,0.978,non_eddy,0.978,0,0.02,0.002,600,max,0.085064171,0.08317619,0.43617381
1990,12,0.978,non_eddy,0.978,0,0.02,0.002,600,median,0.020948591,-0.01132381,-0.083497619
1990,12,0.978,non_eddy,0.978,0,0.02,0.002,700,min,-0.038194872,-0.075230952,-0.65697619
1990,12,0.978,non_eddy,0.978,0,0.02,0.002,700,max,0.062661674,0.113454762,0.660521429
1990,12,0.978,non_eddy,0.978,0,0.02,0.002,700,median,0.012031608,0.024121429,0.0715
1990,12,0.978,non_eddy,0.978,0,0.02,0.002,800,min,-0.076790055,0.003028571,-0.153214286
1990,12,0.978,non_eddy,0.978,0,0.02,0.002,800,max,0.035720683,0.1768,1.096514286
1990,12,0.978,non_eddy,0.978,0,0.02,0.002,800,median,-0.019214554,0.094542857,0.5152
1990,12,0.978,non_eddy,0.978,0,0.02,0.002,900,min,-0.087452123,0.032314286,0.029771429
1990,12,0.978,non_eddy,0.978,0,0.02,0.002,900,max,0.009584859,0.100814286,1.0367
1990,12,0.978,non_eddy,0.978,0,0.02,0.002,900,median,-0.033352977,0.059585714,0.565928571
1991,1,0.944,anticyclonic,0.056,0,0.944,0,400,min,-0.060904112,0.01871746,0.166896825
1991,1,0.944,anticyclonic,0.056,0,0.944,0,400,max,-0.012834266,0.104474286,0.565795714
1991,1,0.944,anticyclonic,0.056,0,0.944,0,400,median,-0.037538111,0.061070873,0.350888571
1991,1,0.944,anticyclonic,0.056,0,0.944,0,500,min,-0.105337157,0.076675463,0.412557143
1991,1,0.944,anticyclonic,0.056,0,0.944,0,500,max,-0.043359173,0.196140952,1.190879524
1991,1,0.944,anticyclonic,0.056,0,0.944,0,500,median,-0.074494048,0.134132857,0.767172976
1991,1,0.944,anticyclonic,0.056,0,0.944,0,600,min,-0.113718687,0.102497619,0.560195238
1991,1,0.944,anticyclonic,0.056,0,0.944,0,600,max,-0.056000491,0.200854762,1.270945238
1991,1,0.944,anticyclonic,0.056,0,0.944,0,600,median,-0.090932786,0.160916667,1.026938095
1991,1,0.944,anticyclonic,0.056,0,0.944,0,700,min,-0.15411557,0.165947619,1.091845238
1991,1,0.944,anticyclonic,0.056,0,0.944,0,700,max,-0.084269991,0.252349206,1.859614286
1991,1,0.944,anticyclonic,0.056,0,0.944,0,700,median,-0.130462577,0.2241,1.547961905
1991,1,0.944,anticyclonic,0.056,0,0.944,0,800,min,-0.169800546,0.149161905,1.2347
1991,1,0.944,anticyclonic,0.056,0,0.944,0,800,max,-0.10039782,0.228,1.907814286
1991,1,0.944,anticyclonic,0.056,0,0.944,0,800,median,-0.141536076,0.193342857,1.600271429
1991,1,0.944,anticyclonic,0.056,0,0.944,0,900,min,-0.141154266,0.055457143,0.860771429
1991,1,0.944,anticyclonic,0.056,0,0.944,0,900,max,-0.092295393,0.095957143,1.368742857
1991,1,0.944,anticyclonic,0.056,0,0.944,0,900,median,-0.121037947,0.072771429,1.169885714
1991,3,1,non_eddy,1,0,0,0,400,min,-0.038491726,-0.033888124,-0.214927582
1991,3,1,non_eddy,1,0,0,0,400,max,0.023671778,0.020297619,0.133250649
1991,3,1,non_eddy,1,0,0,0,400,median,-0.002430454,-0.007740322,-0.015778942
1991,3,1,non_eddy,1,0,0,0,500,min,-0.014784539,-0.087040945,-0.504075356
1991,3,1,non_eddy,1,0,0,0,500,max,0.045710675,0.020103401,0.19372381
1991,3,1,non_eddy,1,0,0,0,500,median,0.017787684,-0.043330401,-0.203892347
1991,3,1,non_eddy,1,0,0,0,600,min,-0.042990411,-0.116242063,-0.67177619
1991,3,1,non_eddy,1,0,0,0,600,max,0.055642312,0.079976984,0.340746032
1991,3,1,non_eddy,1,0,0,0,600,median,0.016609986,-0.04950873,-0.265412698
1991,3,1,non_eddy,1,0,0,0,700,min,-0.048989936,-0.14972381,-0.803259524
1991,3,1,non_eddy,1,0,0,0,700,max,0.084547695,0.053590476,0.375376984
1991,3,1,non_eddy,1,0,0,0,700,median,0.023669463,-0.062185714,-0.376861905
1991,3,1,non_eddy,1,0,0,0,800,min,-0.046042256,-0.098671429,-0.866804762
1991,3,1,non_eddy,1,0,0,0,800,max,0.060282929,0.0693,0.538357143
1991,3,1,non_eddy,1,0,0,0,800,median,0.021174743,-0.046857143,-0.34272381
1991,3,1,non_eddy,1,0,0,0,900,min,-0.034390922,-0.086385714,-1.028742857
1991,3,1,non_eddy,1,0,0,0,900,max,0.081436794,0.004480952,0.261857143
1991,3,1,non_eddy,1,0,0,0,900,median,0.031369171,-0.049633333,-0.46167619
1991,4,0.99,anticyclonic,0.01,0,0.99,0,400,min,-0.107914786,0.022874626,0.250809694
1991,4,0.99,anticyclonic,0.01,0,0.99,0,400,max,-0.045191446,0.112293333,0.796931905
1991,4,0.99,anticyclonic,0.01,0,0.99,0,400,median,-0.070762321,0.052757721,0.413878027
1991,4,0.99,anticyclonic,0.01,0,0.99,0,500,min,-0.136100251,0.073660876,0.403402611
1991,4,0.99,anticyclonic,0.01,0,0.99,0,500,max,-0.043806381,0.216721964,1.18639127
1991,4,0.99,anticyclonic,0.01,0,0.99,0,500,median,-0.070045112,0.128215,0.710502381
1991,4,0.99,anticyclonic,0.01,0,0.99,0,600,min,-0.169932423,0.147234762,0.749946508
1991,4,0.99,anticyclonic,0.01,0,0.99,0,600,max,-0.07628283,0.290784762,1.718732222
1991,4,0.99,anticyclonic,0.01,0,0.99,0,600,median,-0.10587124,0.219738929,1.219605238
1991,4,0.99,anticyclonic,0.01,0,0.99,0,700,min,-0.157774341,0.148941429,0.915726667
1991,4,0.99,anticyclonic,0.01,0,0.99,0,700,max,-0.067213659,0.29571881,1.82163619
1991,4,0.99,anticyclonic,0.01,0,0.99,0,700,median,-0.114919336,0.208974167,1.314214762
1991,4,0.99,anticyclonic,0.01,0,0.99,0,800,min,-0.158498808,0.110722857,0.963742857
1991,4,0.99,anticyclonic,0.01,0,0.99,0,800,max,-0.082932568,0.224844286,1.78935
1991,4,0.99,anticyclonic,0.01,0,0.99,0,800,median,-0.116250861,0.159301429,1.341596429
1991,4,0.99,anticyclonic,0.01,0,0.99,0,900,min,-0.142820744,0.044254286,0.556645714
1991,4,0.99,anticyclonic,0.01,0,0.99,0,900,max,-0.056889118,0.088647143,1.250088571
1991,4,0.99,anticyclonic,0.01,0,0.99,0,900,median,-0.091161787,0.068611429,0.882017143
1991,6,0.998,non_eddy,0.998,0.002,0,0,400,min,,,-0.123622857
1991,6,0.998,non_eddy,0.998,0.002,0,0,400,max,,,0.187280952
1991,6,0.998,non_eddy,0.998,0.002,0,0,400,median,,,0.047760476
1991,6,0.998,non_eddy,0.998,0.002,0,0,500,min,,,-0.511439206
1991,6,0.998,non_eddy,0.998,0.002,0,0,500,max,,,0.038912302
1991,6,0.998,non_eddy,0.998,0.002,0,0,500,median,,,-0.189727937
1991,6,0.998,non_eddy,0.998,0.002,0,0,600,min,,,-0.630133333
1991,6,0.998,non_eddy,0.998,0.002,0,0,600,max,,,0.135922789
1991,6,0.998,non_eddy,0.998,0.002,0,0,600,median,,,-0.176559524
1991,6,0.998,non_eddy,0.998,0.002,0,0,700,min,,,-0.753019048
1991,6,0.998,non_eddy,0.998,0.002,0,0,700,max,,,0.047298016
1991,6,0.998,non_eddy,0.998,0.002,0,0,700,median,,,-0.27379246
1991,6,0.998,non_eddy,0.998,0.002,0,0,800,min,,,-0.47917619
1991,6,0.998,non_eddy,0.998,0.002,0,0,800,max,,,0.305514286
1991,6,0.998,non_eddy,0.998,0.002,0,0,800,median,,,-0.083252381
1991,6,0.998,non_eddy,0.998,0.002,0,0,900,min,,,-0.692393197
1991,6,0.998,non_eddy,0.998,0.002,0,0,900,max,,,-0.093428571
1991,6,0.998,non_eddy,0.998,0.002,0,0,900,median,,,-0.383514286
1991,7,1,non_eddy,1,0,0,0,400,min,-0.057051826,-0.02101787,-0.083013401
1991,7,1,non_eddy,1,0,0,0,400,max,-0.000293492,0.064725,0.35770641
1991,7,1,non_eddy,1,0,0,0,400,median,-0.023947786,0.021391156,0.150632347
1991,7,1,non_eddy,1,0,0,0,500,min,-0.057140975,-0.058635119,-0.299816525
1991,7,1,non_eddy,1,0,0,0,500,max,0.0175796,0.078981369,0.467521484
1991,7,1,non_eddy,1,0,0,0,500,median,-0.013592035,0.01514,0.124938039
1991,7,1,non_eddy,1,0,0,0,600,min,-0.06781595,-0.032444048,-0.314874603
1991,7,1,non_eddy,1,0,0,0,600,max,0.026740856,0.139286111,0.701918254
1991,7,1,non_eddy,1,0,0,0,600,median,-0.015149411,0.035612897,0.206509524
1991,7,1,non_eddy,1,0,0,0,700,min,-0.067403528,-0.048249206,-0.271296825
1991,7,1,non_eddy,1,0,0,0,700,max,0.02181047,0.10125496,0.737793651
1991,7,1,non_eddy,1,0,0,0,700,median,-0.021436146,0.012199405,0.184703175
1991,7,1,non_eddy,1,0,0,0,800,min,-0.080914613,-0.10962381,-0.916285714
1991,7,1,non_eddy,1,0,0,0,800,max,0.05528256,0.075890476,0.859745238
1991,7,1,non_eddy,1,0,0,0,800,median,-0.006703482,-0.020080952,0.064203571
1991,7,1,non_eddy,1,0,0,0,900,min,-0.059998921,-0.075528571,-0.694971429
1991,7,1,non_eddy,1,0,0,0,900,max,0.061447022,0.005061905,0.39887619
1991,7,1,non_eddy,1,0,0,0,900,median,0.006259587,-0.048028571,-0.230371429
1991,8,1,non_eddy,1,0,0,0,400,min,-0.011597658,-0.069258503,-0.261134694
1991,8,1,non_eddy,1,0,0,0,400,max,0.023979719,-0.001699524,0.023693333
1991,8,1,non_eddy,1,0,0,0,400,median,0.012172829,-0.030173333,-0.132033333
1991,8,1,non_eddy,1,0,0,0,500,min,-0.004833914,-0.092827679,-0.392708177
1991,8,1,non_eddy,1,0,0,0,500,max,0.046280571,0.036320454,0.171829575
1991,8,1,non_eddy,1,0,0,0,500,median,0.014703008,-0.017226091,-0.107367619
1991,8,1,non_eddy,1,0,0,0,600,min,-0.015086343,-0.088992857,-0.51404127
1991,8,1,non_eddy,1,0,0,0,600,max,0.042759542,0.041719264,0.256644805
1991,8,1,non_eddy,1,0,0,0,600,median,0.008319994,-0.007104654,-0.070709343
1991,8,1,non_eddy,1,0,0,0,700,min,-0.0267832,-0.090242857,-0.355406349
1991,8,1,non_eddy,1,0,0,0,700,max,0.03142338,0.061239177,0.468684416
1991,8,1,non_eddy,1,0,0,0,700,median,-0.003111098,0.000177273,0.079627273
1991,8,1,non_eddy,1,0,0,0,800,min,-0.03908291,-0.117104762,-0.687814286
1991,8,1,non_eddy,1,0,0,0,800,max,0.029749225,0.012128571,0.355885714
1991,8,1,non_eddy,1,0,0,0,800,median,-0.005089314,-0.039890476,-0.159835714
1991,8,1,non_eddy,1,0,0,0,900,min,-0.025247809,-0.063080952,-0.578814286
1991,8,1,non_eddy,1,0,0,0,900,max,0.04750649,-0.003842857,0.1201
1991,8,1,non_eddy,1,0,0,0,900,median,0.008449118,-0.037880952,-0.212628571
1991,9,1,non_eddy,1,0,0,0,400,min,-0.026806228,-0.041791429,-0.18014
1991,9,1,non_eddy,1,0,0,0,400,max,0.018341286,0.014433571,0.120029048
1991,9,1,non_eddy,1,0,0,0,400,median,0.003249932,-0.015491905,-0.067205238
1991,9,1,non_eddy,1,0,0,0,500,min,-0.007295623,-0.109689841,-0.587005278
1991,9,1,non_eddy,1,0,0,0,500,max,0.050774826,0.009757679,-0.045571131
1991,9,1,non_eddy,1,0,0,0,500,median,0.033883383,-0.058144683,-0.346912421
1991,9,1,non_eddy,1,0,0,0,600,min,-0.012373664,-0.088144444,-0.554662698
1991,9,1,non_eddy,1,0,0,0,600,max,0.054773791,0.054689683,0.226515079
1991,9,1,non_eddy,1,0,0,0,600,median,0.030129466,-0.031361111,-0.23495
1991,9,1,non_eddy,1,0,0,0,700,min,-0.027729682,-0.074088889,-0.437762698
1991,9,1,non_eddy,1,0,0,0,700,max,0.043493694,0.052834921,0.34262619
1991,9,1,non_eddy,1,0,0,0,700,median,0.011163581,-0.030250794,-0.202936508
1991,9,1,non_eddy,1,0,0,0,800,min,-0.024051558,-0.093180952,-0.64482381
1991,9,1,non_eddy,1,0,0,0,800,max,0.039154325,0.020957143,0.302280952
1991,9,1,non_eddy,1,0,0,0,800,median,0.016475079,-0.041311905,-0.279352381
1991,9,1,non_eddy,1,0,0,0,900,min,-0.011410774,-0.060409524,-0.578395238
1991,9,1,non_eddy,1,0,0,0,900,max,0.056059098,-0.013238095,0.123857143
1991,9,1,non_eddy,1,0,0,0,900,median,0.025434713,-0.030871429,-0.28177381
1991,10,0.546,cyclonic,0.546,0.454,0,0,400,min,0.001426004,-0.079224762,-0.409967619
1991,10,0.546,cyclonic,0.546,0.454,0,0,400,max,0.051929458,-0.027880952,-0.068547925
1991,10,0.546,cyclonic,0.546,0.454,0,0,400,median,0.02500329,-0.0554,-0.266824762
1991,10,0.546,cyclonic,0.546,0.454,0,0,500,min,0.01741739,-0.183477202,-1.073767857
1991,10,0.546,cyclonic,0.546,0.454,0,0,500,max,0.109483958,-0.028997738,-0.373058807
1991,10,0.546,cyclonic,0.546,0.454,0,0,500,median,0.064436453,-0.114019702,-0.648051786
1991,10,0.546,cyclonic,0.546,0.454,0,0,600,min,0.029987823,-0.203965079,-1.334063492
1991,10,0.546,cyclonic,0.546,0.454,0,0,600,max,0.148262552,-0.010546032,-0.379255238
1991,10,0.546,cyclonic,0.546,0.454,0,0,600,median,0.097228593,-0.137444444,-0.837140873
1991,10,0.546,cyclonic,0.546,0.454,0,0,700,min,0.014128885,-0.252365873,-1.71546746
1991,10,0.546,cyclonic,0.546,0.454,0,0,700,max,0.13603552,-0.036793651,-0.169836508
1991,10,0.546,cyclonic,0.546,0.454,0,0,700,median,0.093595128,-0.148221429,-1.032705556
1991,10,0.546,cyclonic,0.546,0.454,0,0,800,min,0.013168342,-0.20907619,-1.590814286
1991,10,0.546,cyclonic,0.546,0.454,0,0,800,max,0.129233992,-0.061414286,-0.250528571
1991,10,0.546,cyclonic,0.546,0.454,0,0,800,median,0.073181647,-0.151971429,-1.098016667
1991,10,0.546,cyclonic,0.546,0.454,0,0,900,min,0.024585316,-0.157209524,-1.593409524
1991,10,0.546,cyclonic,0.546,0.454,0,0,900,max,0.134123882,-0.045214286,-0.199661905
1991,10,0.546,cyclonic,0.546,0.454,0,0,900,median,0.080547521,-0.111314286,-0.980295238
1991,11,0.766,cyclonic,0.234,0.766,0,0,400,min,0.021528274,-0.129857381,-0.679155714
1991,11,0.766,cyclonic,0.234,0.766,0,0,400,max,0.074059859,-0.061357619,-0.34845381
1991,11,0.766,cyclonic,0.234,0.766,0,0,400,median,0.048406244,-0.089319524,-0.471538095
1991,11,0.766,cyclonic,0.234,0.766,0,0,500,min,0.055033009,-0.214397262,-1.285971825
1991,11,0.766,cyclonic,0.234,0.766,0,0,500,max,0.1320615,-0.070040675,-0.467012421
1991,11,0.766,cyclonic,0.234,0.766,0,0,500,median,0.095001804,-0.136502024,-0.836557063
1991,11,0.766,cyclonic,0.234,0.766,0,0,600,min,0.079112246,-0.276278571,-1.903477778
1991,11,0.766,cyclonic,0.234,0.766,0,0,600,max,0.192228505,-0.134607143,-0.686609524
1991,11,0.766,cyclonic,0.234,0.766,0,0,600,median,0.140336383,-0.209227381,-1.341757143
1991,11,0.766,cyclonic,0.234,0.766,0,0,700,min,0.045158855,-0.222607937,-1.596628571
1991,11,0.766,cyclonic,0.234,0.766,0,0,700,max,0.150898973,-0.064516667,-0.33324127
1991,11,0.766,cyclonic,0.234,0.766,0,0,700,median,0.101462144,-0.135572222,-1.040079365
1991,11,0.766,cyclonic,0.234,0.766,0,0,800,min,0.043372248,-0.228357143,-1.889157143
1991,11,0.766,cyclonic,0.234,0.766,0,0,800,max,0.155384066,-0.057542857,-0.422785714
1991,11,0.766,cyclonic,0.234,0.766,0,0,800,median,0.105991557,-0.148740476,-1.321152381
1991,11,0.766,cyclonic,0.234,0.766,0,0,900,min,0.031426383,-0.139042857,-1.643061905
1991,11,0.766,cyclonic,0.234,0.766,0,0,900,max,0.152580234,-0.037257143,-0.46492381
1991,11,0.766,cyclonic,0.234,0.766,0,0,900,median,0.097144887,-0.090311905,-1.097495238
1991,12,0.998,non_eddy,0.998,0,0.002,0,400,min,-0.053621288,-0.040622449,-0.023898571
1991,12,0.998,non_eddy,0.998,0,0.002,0,400,max,-0.008242056,0.073306122,0.415765714
1991,12,0.998,non_eddy,0.998,0,0.002,0,400,median,-0.02631085,0.025169048,0.218908571
1991,12,0.998,non_eddy,0.998,0,0.002,0,500,min,-0.05662116,-0.099457143,-0.455110615
1991,12,0.998,non_eddy,0.998,0,0.002,0,500,max,0.024870355,0.11159,0.72483
1991,12,0.998,non_eddy,0.998,0,0.002,0,500,median,-0.012649766,0.023691587,0.132832721
1991,12,0.998,non_eddy,0.998,0,0.002,0,600,min,-0.05953469,-0.077080952,-0.563554762
1991,12,0.998,non_eddy,0.998,0,0.002,0,600,max,0.071308666,0.147235714,0.77837619
1991,12,0.998,non_eddy,0.998,0,0.002,0,600,median,-0.000979676,0.051029762,0.144497619
1991,12,0.998,non_eddy,0.998,0,0.002,0,700,min,-0.050041132,-0.078866667,-0.408754762
1991,12,0.998,non_eddy,0.998,0,0.002,0,700,max,0.072301952,0.124561905,0.851297619
1991,12,0.998,non_eddy,0.998,0,0.002,0,700,median,0.001882881,0.034463095,0.204359524
1991,12,0.998,non_eddy,0.998,0,0.002,0,800,min,-0.065847423,-0.015428571,-0.291214286
1991,12,0.998,non_eddy,0.998,0,0.002,0,800,max,0.050128423,0.135114286,1.079785714
1991,12,0.998,non_eddy,0.998,0,0.002,0,800,median,-0.018159701,0.067614286,0.421585714
1991,12,0.998,non_eddy,0.998,0,0.002,0,900,min,-0.081242147,-0.013771429,-0.099447619
1991,12,0.998,non_eddy,0.998,0,0.002,0,900,max,0.011393171,0.0634,0.871914286
1991,12,0.998,non_eddy,0.998,0,0.002,0,900,median,-0.042507653,0.018257143,0.415471429
1992,1,0.994,non_eddy,0.994,0,0.006,0,400,min,-0.075682073,0.009616421,0.15839
1992,1,0.994,non_eddy,0.994,0,0.006,0,400,max,-0.023995917,0.09326,0.553124286
1992,1,0.994,non_eddy,0.994,0,0.006,0,400,median,-0.047752703,0.054742857,0.415173442
1992,1,0.994,non_eddy,0.994,0,0.006,0,500,min,-0.108603215,0.040092368,0.200197583
1992,1,0.994,non_eddy,0.994,0,0.006,0,500,max,-0.036508023,0.175249881,1.002889444
1992,1,0.994,non_eddy,0.994,0,0.006,0,500,median,-0.062939767,0.115040833,0.646336591
1992,3,0.964,non_eddy,0.964,0.034,0.002,0,400,min,-0.001408022,-0.104540322,-0.554413553
1992,3,0.964,non_eddy,0.964,0.034,0.002,0,400,max,0.074882387,-0.043591837,-0.186234609
1992,3,0.964,non_eddy,0.964,0.034,0.002,0,400,median,0.035547549,-0.074437508,-0.384933281
1992,3,0.964,non_eddy,0.964,0.034,0.002,0,500,min,0.019962078,-0.186907669,-0.960141342
1992,3,0.964,non_eddy,0.964,0.034,0.002,0,500,max,0.105146089,-0.044014484,-0.32504932
1992,3,0.964,non_eddy,0.964,0.034,0.002,0,500,median,0.069174179,-0.124516263,-0.702645238
1992,3,0.964,non_eddy,0.964,0.034,0.002,0,600,min,0.013078326,-0.182280952,-1.074531746
1992,3,0.964,non_eddy,0.964,0.034,0.002,0,600,max,0.104839298,0.022151429,0.001453968
1992,3,0.964,non_eddy,0.964,0.034,0.002,0,600,median,0.07316604,-0.103436508,-0.699805556
1992,3,0.964,non_eddy,0.964,0.034,0.002,0,700,min,-0.027144105,-0.140533333,-0.987988095
1992,3,0.964,non_eddy,0.964,0.034,0.002,0,700,max,0.071909622,0.068853333,0.242746667
1992,3,0.964,non_eddy,0.964,0.034,0.002,0,700,median,0.037181483,-0.073133333,-0.463083333
1992,3,0.964,non_eddy,0.964,0.034,0.002,0,800,min,-0.059998588,-0.144642857,-0.968266667
1992,3,0.964,non_eddy,0.964,0.034,0.002,0,800,max,0.077741711,0.015157143,0.315204762
1992,3,0.964,non_eddy,0.964,0.034,0.002,0,800,median,0.028439835,-0.087971429,-0.518966667
1992,3,0.964,non_eddy,0.964,0.034,0.002,0,900,min,-0.036170161,-0.122419048,-1.084438095
1992,3,0.964,non_eddy,0.964,0.034,0.002,0,900,max,0.063524903,-0.013938095,0.310864762
1992,3,0.964,non_eddy,0.964,0.034,0.002,0,900,median,0.023568863,-0.073195238,-0.538838095
1992,4,0.932,non_eddy,0.932,0,0.068,0,400,min,-0.046868676,-0.044025374,-0.27583102
1992,4,0.932,non_eddy,0.932,0,0.068,0,400,max,0.03121475,0.053507143,0.399954048
1992,4,0.932,non_eddy,0.932,0,0.068,0,400,median,0.002518302,-0.008968571,-0.077109473
1992,4,0.932,non_eddy,0.932,0,0.068,0,500,min,-0.039504614,-0.068642279,-0.400106616
1992,4,0.932,non_eddy,0.932,0,0.068,0,500,max,0.043516839,0.085090893,0.395143413
1992,4,0.932,non_eddy,0.932,0,0.068,0,500,median,0.018254004,-0.015574651,-0.120213681
1992,4,0.932,non_eddy,0.932,0,0.068,0,600,min,-0.053474162,-0.037282857,-0.278441111
1992,4,0.932,non_eddy,0.932,0,0.068,0,600,max,0.037795586,0.158475,0.733364286
1992,4,0.932,non_eddy,0.932,0,0.068,0,600,median,-0.004516542,0.026935,0.141874206
1992,4,0.932,non_eddy,0.932,0,0.068,0,700,min,-0.089210467,-0.033298095,-0.226313333
1992,4,0.932,non_eddy,0.932,0,0.068,0,700,max,0.032931042,0.11412381,0.90105119
1992,4,0.932,non_eddy,0.932,0,0.068,0,700,median,-0.015252341,0.04189881,0.276949286
1992,4,0.932,non_eddy,0.932,0,0.068,0,800,min,-0.101572892,0.031602857,0.217457143
1992,4,0.932,non_eddy,0.932,0,0.068,0,800,max,-0.007839415,0.150342857,1.21065
1992,4,0.932,non_eddy,0.932,0,0.068,0,800,median,-0.037598198,0.08326,0.611610714
1992,4,0.932,non_eddy,0.932,0,0.068,0,900,min,-0.118909191,0.056565714,0.460291429
1992,4,0.932,non_eddy,0.932,0,0.068,0,900,max,-0.02140802,0.104764286,1.239807143
1992,4,0.932,non_eddy,0.932,0,0.068,0,900,median,-0.059351061,0.081258571,0.806552857
1992,6,0.848,non_eddy,0.848,0.15,0.002,0,400,min,0.027965157,-0.108498701,-0.615584675
1992,6,0.848,non_eddy,0.848,0.15,0.002,0,400,max,0.079338595,-0.055833304,-0.343287302
1992,6,0.848,non_eddy,0.848,0.15,0.002,0,400,median,0.054569372,-0.078625714,-0.478672381
1992,6,0.848,non_eddy,0.848,0.15,0.002,0,500,min,0.058112512,-0.229384149,-1.244279444
1992,6,0.848,non_eddy,0.848,0.15,0.002,0,500,max,0.119316725,-0.118184286,-0.657068175
1992,6,0.848,non_eddy,0.848,0.15,0.002,0,500,median,0.086152463,-0.167565635,-0.90064127
1992,6,0.848,non_eddy,0.848,0.15,0.002,0,600,min,0.012008683,-0.141380159,-0.907864286
1992,6,0.848,non_eddy,0.848,0.15,0.002,0,600,max,0.091550153,-0.041557143,-0.206840476
1992,6,0.848,non_eddy,0.848,0.15,0.002,0,600,median,0.050300548,-0.086067234,-0.4776
1992,6,0.848,non_eddy,0.848,0.15,0.002,0,700,min,-0.00891948,-0.140147222,-0.921253571
1992,6,0.848,non_eddy,0.848,0.15,0.002,0,700,max,0.09649151,-0.02397381,-0.109644841
1992,6,0.848,non_eddy,0.848,0.15,0.002,0,700,median,0.043646058,-0.079961905,-0.495705272
1992,6,0.848,non_eddy,0.848,0.15,0.002,0,800,min,-0.009868559,-0.092480952,-0.746719048
1992,6,0.848,non_eddy,0.848,0.15,0.002,0,800,max,0.07415752,0.008255556,0.058014286
1992,6,0.848,non_eddy,0.848,0.15,0.002,0,800,median,0.031887718,-0.0325,-0.305957143
1992,6,0.848,non_eddy,0.848,0.15,0.002,0,900,min,-0.02872166,-0.042295238,-0.362309524
1992,6,0.848,non_eddy,0.848,0.15,0.002,0,900,max,0.040850445,0.001977778,0.202314286
1992,6,0.848,non_eddy,0.848,0.15,0.002,0,900,median,0.003193888,-0.019494444,-0.084114286
1992,7,1,cyclonic,0,1,0,0,400,min,0.036305657,-0.166752211,-0.876837943
1992,7,1,cyclonic,0,1,0,0,400,max,0.087611289,-0.093180965,-0.441790952
1992,7,1,cyclonic,0,1,0,0,400,median,0.067774679,-0.132519231,-0.701415306
1992,7,1,cyclonic,0,1,0,0,500,min,0.069556782,-0.239295119,-1.394695096
1992,7,1,cyclonic,0,1,0,0,500,max,0.136571023,-0.115383631,-0.663566964
1992,7,1,cyclonic,0,1,0,0,500,median,0.103845814,-0.182458342,-1.087340518
1992,7,1,cyclonic,0,1,0,0,600,min,0.074949267,-0.289354365,-1.802203968
1992,7,1,cyclonic,0,1,0,0,600,max,0.161898051,-0.107967857,-0.781228968
1992,7,1,cyclonic,0,1,0,0,600,median,0.12062388,-0.206747222,-1.263879365
1992,7,1,cyclonic,0,1,0,0,700,min,0.070589627,-0.289809524,-2.014431746
1992,7,1,cyclonic,0,1,0,0,700,max,0.170291622,-0.141572421,-0.923519048
1992,7,1,cyclonic,0,1,0,0,700,median,0.129064375,-0.210823611,-1.503233333
1992,7,1,cyclonic,0,1,0,0,800,min,0.056487918,-0.286433333,-2.061328571
1992,7,1,cyclonic,0,1,0,0,800,max,0.176813333,-0.095328571,-0.958821429
1992,7,1,cyclonic,0,1,0,0,800,median,0.122571814,-0.193133333,-1.571457143
1992,7,1,cyclonic,0,1,0,0,900,min,0.066946958,-0.104319048,-1.614485714
1992,7,1,cyclonic,0,1,0,0,900,max,0.176159045,-0.019938095,-0.566452381
1992,7,1,cyclonic,0,1,0,0,900,median,0.128174323,-0.069704762,-1.147428571
1992,8,0.884,non_eddy,0.884,0,0.116,0,400,min,-0.042948844,-0.034253401,-0.105510544
1992,8,0.884,non_eddy,0.884,0,0.116,0,400,max,-0.002247961,0.033819524,0.282750476
1992,8,0.884,non_eddy,0.884,0,0.116,0,400,median,-0.022845537,0.00973619,0.120745714
1992,8,0.884,non_eddy,0.884,0,0.116,0,500,min,-0.039921911,-0.041010927,-0.131618665
1992,8,0.884,non_eddy,0.884,0,0.116,0,500,max,0.013014235,0.067228192,0.447595646
1992,8,0.884,non_eddy,0.884,0,0.116,0,500,median,-0.022000069,0.026950852,0.166285033
1992,8,0.884,non_eddy,0.884,0,0.116,0,600,min,-0.050902396,-0.0094,-0.102704762
1992,8,0.884,non_eddy,0.884,0,0.116,0,600,max,0.016044147,0.126166883,0.650393218
1992,8,0.884,non_eddy,0.884,0,0.116,0,600,median,-0.025227169,0.06283474,0.333250397
1992,8,0.884,non_eddy,0.884,0,0.116,0,700,min,-0.080865989,0.015140476,0.108526984
1992,8,0.884,non_eddy,0.884,0,0.116,0,700,max,0.014593769,0.157786797,0.989865368
1992,8,0.884,non_eddy,0.884,0,0.116,0,700,median,-0.046606001,0.098854762,0.610439683
1992,8,0.884,non_eddy,0.884,0,0.116,0,800,min,-0.101351729,0.077266667,0.517714286
1992,8,0.884,non_eddy,0.884,0,0.116,0,800,max,-0.026797059,0.201314286,1.4222
1992,8,0.884,non_eddy,0.884,0,0.116,0,800,median,-0.066966144,0.141157143,0.986014286
1992,8,0.884,non_eddy,0.884,0,0.116,0,900,min,-0.117055521,0.041171429,0.578661905
1992,8,0.884,non_eddy,0.884,0,0.116,0,900,max,-0.044407548,0.102542857,1.243628571
1992,8,0.884,non_eddy,0.884,0,0.116,0,900,median,-0.087711391,0.070390476,0.893685714
1992,9,0.996,non_eddy,0.996,0.004,0,0,400,min,-0.02177308,-0.039592857,-0.217782857
1992,9,0.996,non_eddy,0.996,0.004,0,0,400,max,0.023490929,0.015622619,0.06494619
1992,9,0.996,non_eddy,0.996,0.004,0,0,400,median,0.011662049,-0.017952381,-0.100455238
1992,9,0.996,non_eddy,0.996,0.004,0,0,500,min,-0.01201371,-0.120458333,-0.575612063
1992,9,0.996,non_eddy,0.996,0.004,0,0,500,max,0.057410344,-0.017116607,-0.012721766
1992,9,0.996,non_eddy,0.996,0.004,0,0,500,median,0.031617862,-0.069246389,-0.366847956
1992,9,0.996,non_eddy,0.996,0.004,0,0,600,min,-0.040498802,-0.03534127,-0.274634127
1992,9,0.996,non_eddy,0.996,0.004,0,0,600,max,0.018630194,0.086750794,0.501984921
1992,9,0.996,non_eddy,0.996,0.004,0,0,600,median,-0.000702021,0.012049206,0.032362698
1992,9,0.996,non_eddy,0.996,0.004,0,0,700,min,-0.061274609,-0.026965079,-0.126290476
1992,9,0.996,non_eddy,0.996,0.004,0,0,700,max,0.016642207,0.094069841,0.685964286
1992,9,0.996,non_eddy,0.996,0.004,0,0,700,median,-0.010839422,0.025053968,0.172859524
1992,9,0.996,non_eddy,0.996,0.004,0,0,800,min,-0.049336916,-0.079009524,-0.390109524
1992,9,0.996,non_eddy,0.996,0.004,0,0,800,max,0.023059137,0.043514286,0.424052381
1992,9,0.996,non_eddy,0.996,0.004,0,0,800,median,0.000392983,-0.0238,-0.075754762
1992,9,0.996,non_eddy,0.996,0.004,0,0,900,min,-0.053400438,-0.060638095,-0.508438095
1992,9,0.996,non_eddy,0.996,0.004,0,0,900,max,0.032279117,-0.01202381,0.2631
1992,9,0.996,non_eddy,0.996,0.004,0,0,900,median,-0.006581183,-0.037197619,-0.114004762
1992,10,0.918,cyclonic,0.082,0.918,0,0,400,min,3.95E-05,-0.062580714,-0.39627
1992,10,0.918,cyclonic,0.082,0.918,0,0,400,max,0.058482191,-0.000195238,-0.057351497
1992,10,0.918,cyclonic,0.082,0.918,0,0,400,median,0.030600716,-0.027848571,-0.212831905
1992,10,0.918,cyclonic,0.082,0.918,0,0,500,min,0.038178122,-0.219770139,-1.249553571
1992,10,0.918,cyclonic,0.082,0.918,0,0,500,max,0.127170092,-0.089540595,-0.39683845
1992,10,0.918,cyclonic,0.082,0.918,0,0,500,median,0.08500037,-0.160468542,-0.885687857
1992,10,0.918,cyclonic,0.082,0.918,0,0,600,min,0.051403344,-0.25795,-1.741592063
1992,10,0.918,cyclonic,0.082,0.918,0,0,600,max,0.16695176,-0.085249206,-0.60545
1992,10,0.918,cyclonic,0.082,0.918,0,0,600,median,0.118001308,-0.183548413,-1.190200794
1992,10,0.918,cyclonic,0.082,0.918,0,0,700,min,0.090784574,-0.343815476,-2.200396032
1992,10,0.918,cyclonic,0.082,0.918,0,0,700,max,0.201653552,-0.151934921,-1.014810317
1992,10,0.918,cyclonic,0.082,0.918,0,0,700,median,0.139870615,-0.243461905,-1.664049206
1992,10,0.918,cyclonic,0.082,0.918,0,0,800,min,0.068052367,-0.27977619,-2.147021905
1992,10,0.918,cyclonic,0.082,0.918,0,0,800,max,0.166675283,-0.112926667,-0.985257143
1992,10,0.918,cyclonic,0.082,0.918,0,0,800,median,0.11926444,-0.190333333,-1.540614286
1992,10,0.918,cyclonic,0.082,0.918,0,0,900,min,0.073358977,-0.133109524,-1.781966667
1992,10,0.918,cyclonic,0.082,0.918,0,0,900,max,0.187309154,-0.029785714,-0.641766667
1992,10,0.918,cyclonic,0.082,0.918,0,0,900,median,0.132557172,-0.086680952,-1.248422857
1992,11,1,non_eddy,1,0,0,0,400,min,-0.03596725,0.003330068,-0.042924603
1992,11,1,non_eddy,1,0,0,0,400,max,0.018473773,0.094678095,0.438554762
1992,11,1,non_eddy,1,0,0,0,400,median,-0.008024506,0.062901905,0.232439167
1992,11,1,non_eddy,1,0,0,0,500,min,-0.052029472,-0.051979735,-0.256133254
1992,11,1,non_eddy,1,0,0,0,500,max,0.019307404,0.094009325,0.503350198
1992,11,1,non_eddy,1,0,0,0,500,median,-0.012886429,0.025075357,0.113597956
1992,11,1,non_eddy,1,0,0,0,600,min,-0.07211933,-0.067038095,-0.502128571
1992,11,1,non_eddy,1,0,0,0,600,max,0.055992019,0.102314286,0.716261905
1992,11,1,non_eddy,1,0,0,0,600,median,-0.001066714,0.033178912,0.0968
1992,11,1,non_eddy,1,0,0,0,700,min,-0.048628039,-0.05754127,-0.704898413
1992,11,1,non_eddy,1,0,0,0,700,max,0.066140079,0.100404762,0.697016667
1992,11,1,non_eddy,1,0,0,0,700,median,0.024740216,0.015161905,-0.024312698
1992,11,1,non_eddy,1,0,0,0,800,min,-0.017445202,-0.079585714,-1.135995238
1992,11,1,non_eddy,1,0,0,0,800,max,0.103914217,0.086928571,0.535557143
1992,11,1,non_eddy,1,0,0,0,800,median,0.039586179,-0.016142857,-0.263514286
1992,11,1,non_eddy,1,0,0,0,900,min,-0.033940866,-0.038471429,-0.719852381
1992,11,1,non_eddy,1,0,0,0,900,max,0.077193408,0.047242857,0.665657143
1992,11,1,non_eddy,1,0,0,0,900,median,0.022959015,-0.000771429,-0.01962381
1992,12,0.514,cyclonic,0.486,0.514,0,0,400,min,0.011173813,-0.08552483,-0.467305714
1992,12,0.514,cyclonic,0.486,0.514,0,0,400,max,0.050369537,0.01684898,0.069428571
1992,12,0.514,cyclonic,0.486,0.514,0,0,400,median,0.026165743,-0.034475,-0.190223095
1992,12,0.514,cyclonic,0.486,0.514,0,0,500,min,0.036877759,-0.23100127,-1.254998042
1992,12,0.514,cyclonic,0.486,0.514,0,0,500,max,0.130300424,-0.038238571,-0.284555374
1992,12,0.514,cyclonic,0.486,0.514,0,0,500,median,0.075053389,-0.122040952,-0.739668469
1992,12,0.514,cyclonic,0.486,0.514,0,0,600,min,0.046899518,-0.297616667,-1.735338095
1992,12,0.514,cyclonic,0.486,0.514,0,0,600,max,0.161428411,-0.065466667,-0.456288095
1992,12,0.514,cyclonic,0.486,0.514,0,0,600,median,0.094480433,-0.167528571,-1.015738095
1992,12,0.514,cyclonic,0.486,0.514,0,0,700,min,0.037431471,-0.227321429,-1.584464286
1992,12,0.514,cyclonic,0.486,0.514,0,0,700,max,0.150699442,-0.044335714,-0.357707143
1992,12,0.514,cyclonic,0.486,0.514,0,0,700,median,0.088219304,-0.13173254,-0.834508333
1992,12,0.514,cyclonic,0.486,0.514,0,0,800,min,0.059079741,-0.2098,-1.714628571
1992,12,0.514,cyclonic,0.486,0.514,0,0,800,max,0.162108058,-0.064714286,-0.644028571
1992,12,0.514,cyclonic,0.486,0.514,0,0,800,median,0.102234469,-0.140507143,-1.22215
1992,12,0.514,cyclonic,0.486,0.514,0,0,900,min,0.044887641,-0.092485714,-1.360742857
1992,12,0.514,cyclonic,0.486,0.514,0,0,900,max,0.130557053,-0.019771429,-0.310571429
1992,12,0.514,cyclonic,0.486,0.514,0,0,900,median,0.084595142,-0.0657,-0.819628571
