type,date,year,month,day,observation_number,track,latitude,longitude,amplitude,speed_average,effective_radius,lat_origin,long_origin,cruise,cast,long_profile,lat_profile,distance
anticyclonic,2008-04-17,2008,Apr,17,106,415525,32.3527908325195,-63.1769104003906,0.1162,0.3182,0.654815481548155,33.3559036254883,-59.7733459472656,10234,15,-64.157,31.66,1.20022279635307
anticyclonic,2008-04-18,2008,Apr,18,107,415525,32.3780097961426,-63.2055358886719,0.1129,0.3133,0.631413141314132,33.3559036254883,-59.7733459472656,10234,17,-64.17,31.572,1.25691798201702
anticyclonic,2008-04-19,2008,Apr,19,108,415525,32.3760528564453,-63.2642517089844,0.1105,0.3185,0.613411341134114,33.3559036254883,-59.7733459472656,,,,,
anticyclonic,2008-04-20,2008,Apr,20,109,415525,32.3704948425293,-63.2884216308594,0.1051,0.3145,0.604410441044105,33.3559036254883,-59.7733459472656,,,,,
anticyclonic,2008-04-21,2008,Apr,21,110,415525,32.3393249511719,-63.3677368164063,0.1066,0.3137,0.625562556255626,33.3559036254883,-59.7733459472656,,,,,
anticyclonic,2008-04-22,2008,Apr,22,111,415525,32.3279037475586,-63.4063110351563,0.1322,0.3201,1.06795679567957,33.3559036254883,-59.7733459472656,,,,,
anticyclonic,2008-04-23,2008,Apr,23,112,415525,32.3425140380859,-63.4286193847656,0.132,0.3179,1.07380738073807,33.3559036254883,-59.7733459472656,,,,,
anticyclonic,2008-04-24,2008,Apr,24,113,415525,32.3544464111328,-63.4938659667969,0.1329,0.3171,1.12241224122412,33.3559036254883,-59.7733459472656,,,,,
anticyclonic,2008-04-25,2008,Apr,25,114,415525,32.3213844299316,-63.5079040527344,0.1301,0.3132,1.14131413141314,33.3559036254883,-59.7733459472656,,,,,
anticyclonic,2008-04-26,2008,Apr,26,115,415525,32.3131446838379,-63.5651245117188,0.1244,0.3035,1.11251125112511,33.3559036254883,-59.7733459472656,,,,,
anticyclonic,2008-04-27,2008,Apr,27,116,415525,32.30224609375,-63.62646484375,0.1266,0.3002,1.07380738073807,33.3559036254883,-59.7733459472656,,,,,
anticyclonic,2008-04-28,2008,Apr,28,117,415525,32.3004455566406,-63.6591796875,0.1199,0.2936,0.969396939693969,33.3559036254883,-59.7733459472656,,,,,
anticyclonic,2008-04-29,2008,Apr,29,118,415525,32.2884902954102,-63.6940307617188,0.1101,0.2812,0.818631863186319,33.3559036254883,-59.7733459472656,,,,,
anticyclonic,2008-04-30,2008,Apr,30,119,415525,32.2648048400879,-63.7731018066406,0.1022,0.2682,0.741674167416742,33.3559036254883,-59.7733459472656,,,,,
anticyclonic,2008-05-01,2008,May,1,120,415525,32.2434730529785,-63.8469543457031,0.1007,0.2627,0.768226822682268,33.3559036254883,-59.7733459472656,,,,,
anticyclonic,2008-05-02,2008,May,2,121,415525,32.2427787780762,-63.8858947753906,0.0964,0.256,0.775877587758776,33.3559036254883,-59.7733459472656,,,,,
anticyclonic,2008-05-03,2008,May,3,122,415525,32.2391738891602,-64.0564575195313,0.0975,0.2533,0.782628262826283,33.3559036254883,-59.7733459472656,,,,,
anticyclonic,2008-05-04,2008,May,4,123,415525,32.1918830871582,-64.1371154785156,0.0938,0.2514,0.732673267326733,33.3559036254883,-59.7733459472656,,,,,
anticyclonic,2008-05-05,2008,May,5,124,415525,32.2045364379883,-64.206787109375,0.094,0.2524,0.726822682268227,33.3559036254883,-59.7733459472656,,,,,
anticyclonic,2008-05-06,2008,May,6,125,415525,32.2162933349609,-64.2746276855469,0.0871,0.2502,0.726822682268227,33.3559036254883,-59.7733459472656,,,,,
anticyclonic,2008-05-07,2008,May,7,126,415525,32.2214164733887,-64.3766174316406,0.0825,0.2432,0.694869486948695,33.3559036254883,-59.7733459472656,,,,,
anticyclonic,2008-05-08,2008,May,8,127,415525,32.1738700866699,-64.4476928710938,0.0745,0.2376,0.658865886588659,33.3559036254883,-59.7733459472656,,,,,
anticyclonic,2008-05-09,2008,May,9,128,415525,32.1700477600098,-64.5266723632813,0.0637,0.2289,0.653465346534654,33.3559036254883,-59.7733459472656,,,,,
anticyclonic,2008-05-10,2008,May,10,129,415525,32.1700706481934,-64.6342468261719,0.0499,0.2123,0.632763276327633,33.3559036254883,-59.7733459472656,,,,,
anticyclonic,2008-05-11,2008,May,11,130,415525,32.1688842773438,-64.7435913085938,0.0423,0.1924,0.594509450945095,33.3559036254883,-59.7733459472656,,,,,
anticyclonic,2008-05-12,2008,May,12,131,415525,32.1677017211914,-64.8529357910156,0.0347,0.1725,0.556705670567057,33.3559036254883,-59.7733459472656,,,,,
anticyclonic,2008-05-13,2008,May,13,132,415525,32.1553573608398,-65.001220703125,0.0353,0.1529,0.523402340234024,33.3559036254883,-59.7733459472656,,,,,
anticyclonic,2008-06-25,2008,Jun,25,53,424820,32.6587753295898,-63.4436645507813,0.2351,0.352,1.3991899189919,34.9712295532227,-60.5657958984375,10236,13,-64.167,31.582,1.29717357454955
anticyclonic,2008-06-26,2008,Jun,26,54,424820,32.6239814758301,-63.4396667480469,0.1908,0.3476,0.993249324932493,34.9712295532227,-60.5657958984375,10236,14,-64.088,31.596,1.21535259091257
anticyclonic,2008-06-27,2008,Jun,27,55,424820,32.5766906738281,-63.4423828125,0.1864,0.3466,0.988748874887489,34.9712295532227,-60.5657958984375,,,,,
anticyclonic,2008-06-28,2008,Jun,28,56,424820,32.5379219055176,-63.4524230957031,0.2189,0.3491,1.38658865886589,34.9712295532227,-60.5657958984375,,,,,
anticyclonic,2008-06-29,2008,Jun,29,57,424820,32.5071334838867,-63.4773559570313,0.2196,0.3542,1.38658865886589,34.9712295532227,-60.5657958984375,,,,,
anticyclonic,2008-06-30,2008,Jun,30,58,424820,32.4842376708984,-63.5028076171875,0.1794,0.3552,0.815931593159316,34.9712295532227,-60.5657958984375,,,,,
anticyclonic,2008-07-01,2008,Jul,1,59,424820,32.4651336669922,-63.5326843261719,0.1862,0.3549,0.831683168316832,34.9712295532227,-60.5657958984375,,,,,
anticyclonic,2008-07-02,2008,Jul,2,60,424820,32.4395561218262,-63.5731811523438,0.1951,0.3559,0.908190819081908,34.9712295532227,-60.5657958984375,,,,,
anticyclonic,2008-07-03,2008,Jul,3,61,424820,32.4202537536621,-63.5983276367188,0.2044,0.3621,0.910441044104411,34.9712295532227,-60.5657958984375,,,,,
anticyclonic,2008-07-04,2008,Jul,4,62,424820,32.4116897583008,-63.6290588378906,0.2106,0.3654,0.95049504950495,34.9712295532227,-60.5657958984375,,,,,
anticyclonic,2008-07-05,2008,Jul,5,63,424820,32.4073219299316,-63.6602783203125,0.2138,0.3702,0.960396039603961,34.9712295532227,-60.5657958984375,,,,,
anticyclonic,2008-07-06,2008,Jul,6,64,424820,32.4102401733398,-63.6759948730469,0.2157,0.3747,1.004500450045,34.9712295532227,-60.5657958984375,,,,,
anticyclonic,2008-07-07,2008,Jul,7,65,424820,32.405876159668,-63.7149353027344,0.2237,0.3754,1.03105310531053,34.9712295532227,-60.5657958984375,,,,,
anticyclonic,2008-07-08,2008,Jul,8,66,424820,32.4012222290039,-63.7482299804688,0.2295,0.3774,1.08820882088209,34.9712295532227,-60.5657958984375,,,,,
anticyclonic,2008-07-09,2008,Jul,9,67,424820,32.4088973999023,-63.7877807617188,0.225,0.3764,1.07290729072907,34.9712295532227,-60.5657958984375,,,,,
anticyclonic,2008-07-10,2008,Jul,10,68,424820,32.4068832397461,-63.8066101074219,0.211,0.3674,1.04815481548155,34.9712295532227,-60.5657958984375,,,,,
anticyclonic,2008-07-11,2008,Jul,11,69,424820,32.4097099304199,-63.8386535644531,0.2064,0.3632,1.02925292529253,34.9712295532227,-60.5657958984375,,,,,
anticyclonic,2008-07-12,2008,Jul,12,70,424820,32.406307220459,-63.8579711914063,0.2035,0.3566,0.971647164716472,34.9712295532227,-60.5657958984375,,,,,
anticyclonic,2008-07-13,2008,Jul,13,71,424820,32.4052734375,-63.8765563964844,0.198,0.3489,0.98964896489649,34.9712295532227,-60.5657958984375,,,,,
anticyclonic,2008-07-14,2008,Jul,14,72,424820,32.3932342529297,-63.903564453125,0.1911,0.345,0.985148514851485,34.9712295532227,-60.5657958984375,,,,,
anticyclonic,2008-07-15,2008,Jul,15,73,424820,32.391902923584,-63.9071655273438,0.1868,0.335,0.95949594959496,34.9712295532227,-60.5657958984375,10237,1,-64.168,31.579,0.853724654263453
anticyclonic,2008-07-16,2008,Jul,16,74,424820,32.3628120422363,-63.9209289550781,0.1853,0.3285,0.981098109810981,34.9712295532227,-60.5657958984375,10237,2,-64.168,31.578,0.82278432342742
anticyclonic,2008-07-16,2008,Jul,16,74,424820,32.3628120422363,-63.9209289550781,0.1853,0.3285,0.981098109810981,34.9712295532227,-60.5657958984375,10237,3,-64.167,31.662,0.742757347787535
anticyclonic,2008-07-16,2008,Jul,16,74,424820,32.3628120422363,-63.9209289550781,0.1853,0.3285,0.981098109810981,34.9712295532227,-60.5657958984375,10237,4,-64.179,31.665,0.744004240926811
anticyclonic,2008-07-16,2008,Jul,16,74,424820,32.3628120422363,-63.9209289550781,0.1853,0.3285,0.981098109810981,34.9712295532227,-60.5657958984375,10237,5,-64.186,31.574,0.832158096056869
anticyclonic,2008-07-17,2008,Jul,17,75,424820,32.3659553527832,-63.9106140136719,0.179,0.3204,0.965346534653465,34.9712295532227,-60.5657958984375,10237,6,-64.171,31.669,0.74400781289528
anticyclonic,2008-07-17,2008,Jul,17,75,424820,32.3659553527832,-63.9106140136719,0.179,0.3204,0.965346534653465,34.9712295532227,-60.5657958984375,10237,7,-64.168,31.667,0.744839668077889
anticyclonic,2008-07-18,2008,Jul,18,76,424820,32.3486251831055,-63.9404602050781,0.1716,0.3184,0.983798379837984,34.9712295532227,-60.5657958984375,10237,9,-64.166,31.668,0.717020807906441
anticyclonic,2008-07-19,2008,Jul,19,77,424820,32.3227653503418,-63.9309997558594,0.1742,0.3167,0.983348334833483,34.9712295532227,-60.5657958984375,10237,14,-64.167,31.672,0.692236705498851
anticyclonic,2008-07-19,2008,Jul,19,77,424820,32.3227653503418,-63.9309997558594,0.1742,0.3167,0.983348334833483,34.9712295532227,-60.5657958984375,10237,15,-64.18,31.67,0.698644204290658
anticyclonic,2008-07-20,2008,Jul,20,78,424820,32.301815032959,-63.9543762207031,0.1737,0.3073,0.998649864986499,34.9712295532227,-60.5657958984375,10237,18,-64.165,31.671,0.665048857011556
anticyclonic,2008-07-21,2008,Jul,21,79,424820,32.2655181884766,-63.9751892089844,0.169,0.302,0.96984698469847,34.9712295532227,-60.5657958984375,,,,,
anticyclonic,2008-07-22,2008,Jul,22,80,424820,32.2723236083984,-63.9710693359375,0.1572,0.3007,0.916291629162916,34.9712295532227,-60.5657958984375,,,,,
anticyclonic,2008-07-23,2008,Jul,23,81,424820,32.2305030822754,-63.9883422851563,0.1511,0.2933,0.892439243924393,34.9712295532227,-60.5657958984375,,,,,
anticyclonic,2008-07-24,2008,Jul,24,82,424820,32.1787567138672,-63.999755859375,0.1435,0.2886,0.857335733573357,34.9712295532227,-60.5657958984375,,,,,
anticyclonic,2008-07-25,2008,Jul,25,83,424820,32.1743545532227,-63.9951782226563,0.1413,0.2824,0.821782178217822,34.9712295532227,-60.5657958984375,,,,,
anticyclonic,2008-07-26,2008,Jul,26,84,424820,32.1398010253906,-64.0365905761719,0.1367,0.2764,0.827632763276328,34.9712295532227,-60.5657958984375,,,,,
anticyclonic,2008-07-27,2008,Jul,27,85,424820,32.1615753173828,-64.0598754882813,0.1299,0.2659,0.792979297929793,34.9712295532227,-60.5657958984375,,,,,
anticyclonic,2008-07-28,2008,Jul,28,86,424820,32.1483688354492,-64.0723876953125,0.1185,0.2539,0.738073807380738,34.9712295532227,-60.5657958984375,,,,,
anticyclonic,2008-07-29,2008,Jul,29,87,424820,32.0983009338379,-64.1175537109375,0.109,0.2383,0.720972097209721,34.9712295532227,-60.5657958984375,,,,,
anticyclonic,2008-07-30,2008,Jul,30,88,424820,32.0881881713867,-64.1275024414063,0.107,0.2336,0.703870387038704,34.9712295532227,-60.5657958984375,,,,,
anticyclonic,2008-07-31,2008,Jul,31,89,424820,32.0876274108887,-64.1171264648438,0.0985,0.2296,0.68991899189919,34.9712295532227,-60.5657958984375,,,,,
anticyclonic,2008-08-01,2008,Aug,1,90,424820,32.0802726745606,-64.1043701171875,0.0956,0.2281,0.674167416741674,34.9712295532227,-60.5657958984375,,,,,
anticyclonic,2008-08-02,2008,Aug,2,91,424820,32.0790901184082,-64.1304931640625,0.0924,0.2313,0.664266426642664,34.9712295532227,-60.5657958984375,,,,,
anticyclonic,2008-08-03,2008,Aug,3,92,424820,32.0693817138672,-64.221435546875,0.0891,0.2305,0.666516651665167,34.9712295532227,-60.5657958984375,,,,,
anticyclonic,2008-08-04,2008,Aug,4,93,424820,32.0864524841309,-64.2093811035156,0.0902,0.2347,0.67956795679568,34.9712295532227,-60.5657958984375,,,,,
anticyclonic,2008-08-05,2008,Aug,5,94,424820,32.0897941589356,-64.2032165527344,0.0898,0.2284,0.692169216921692,34.9712295532227,-60.5657958984375,,,,,
anticyclonic,2008-08-06,2008,Aug,6,95,424820,32.0904197692871,-64.2281494140625,0.0903,0.2408,0.668316831683168,34.9712295532227,-60.5657958984375,61114,4,-64.208,31.817,0.274161210101054
anticyclonic,2008-08-07,2008,Aug,7,96,424820,32.0835838317871,-64.2242126464844,0.0895,0.2408,0.661116111611161,34.9712295532227,-60.5657958984375,,,,,
anticyclonic,2008-08-08,2008,Aug,8,97,424820,32.0962791442871,-64.258056640625,0.0854,0.2355,0.63951395139514,34.9712295532227,-60.5657958984375,,,,,
anticyclonic,2008-08-09,2008,Aug,9,98,424820,32.0930137634277,-64.2733764648438,0.0828,0.2366,0.647614761476148,34.9712295532227,-60.5657958984375,,,,,
anticyclonic,2008-08-10,2008,Aug,10,99,424820,32.1004524230957,-64.3297424316406,0.0848,0.2457,0.674617461746175,34.9712295532227,-60.5657958984375,,,,,
anticyclonic,2008-08-11,2008,Aug,11,100,424820,32.1275100708008,-64.3294067382813,0.0787,0.2396,0.687218721872187,34.9712295532227,-60.5657958984375,,,,,
anticyclonic,2008-08-12,2008,Aug,12,101,424820,32.1608963012695,-64.3457336425781,0.0787,0.2361,0.767326732673267,34.9712295532227,-60.5657958984375,10238,2,-64.167,31.582,0.605860250068235
anticyclonic,2008-08-12,2008,Aug,12,101,424820,32.1608963012695,-64.3457336425781,0.0787,0.2361,0.767326732673267,34.9712295532227,-60.5657958984375,10238,4,-64.163,31.672,0.521930242010233
anticyclonic,2008-08-13,2008,Aug,13,102,424820,32.1594200134277,-64.3914184570313,0.0631,0.2207,0.732223222322232,34.9712295532227,-60.5657958984375,10238,6,-64.171,31.664,0.542240985083901
anticyclonic,2008-08-14,2008,Aug,14,103,424820,32.2064971923828,-64.4827880859375,0.0473,0.2018,0.645364536453645,34.9712295532227,-60.5657958984375,10238,9,-64.171,31.664,0.62571160631379
anticyclonic,2008-08-14,2008,Aug,14,103,424820,32.2064971923828,-64.4827880859375,0.0473,0.2018,0.645364536453645,34.9712295532227,-60.5657958984375,10238,11,-64.203,31.628,0.642604368665004
anticyclonic,2008-08-14,2008,Aug,14,103,424820,32.2064971923828,-64.4827880859375,0.0473,0.2018,0.645364536453645,34.9712295532227,-60.5657958984375,10238,12,-64.246,31.618,0.634348124521847
anticyclonic,2008-08-14,2008,Aug,14,103,424820,32.2064971923828,-64.4827880859375,0.0473,0.2018,0.645364536453645,34.9712295532227,-60.5657958984375,10238,13,-64.282,31.606,0.633176700072
anticyclonic,2008-08-15,2008,Aug,15,104,424820,32.1710624694824,-64.5440979003906,0.0323,0.173,0.564356435643564,34.9712295532227,-60.5657958984375,10238,14,-64.167,31.664,0.631913897961252
anticyclonic,2008-08-16,2008,Aug,16,105,424820,32.2252311706543,-64.6343994140625,0.0192,0.1242,0.498199819981998,34.9712295532227,-60.5657958984375,,,,,
anticyclonic,2008-08-17,2008,Aug,17,106,424820,32.0395698547363,-64.763427734375,0.0131,0.121,0.302880288028803,34.9712295532227,-60.5657958984375,,,,,
anticyclonic,2008-08-18,2008,Aug,18,69,427711,30.9726009368897,-63.1724548339844,0.0773,0.2391,0.592709270927093,30.5114212036133,-60.8532104492188,,,,,
anticyclonic,2008-08-19,2008,Aug,19,70,427711,30.9639225006104,-63.2331237792969,0.0763,0.2374,0.60981098109811,30.5114212036133,-60.8532104492188,,,,,
anticyclonic,2008-08-20,2008,Aug,20,71,427711,30.9822826385498,-63.3063049316406,0.0693,0.2334,0.581458145814581,30.5114212036133,-60.8532104492188,,,,,
anticyclonic,2008-08-21,2008,Aug,21,72,427711,30.9962749481201,-63.3599853515625,0.064,0.2154,0.578757875787579,30.5114212036133,-60.8532104492188,,,,,
anticyclonic,2008-08-22,2008,Aug,22,73,427711,30.9979209899902,-63.4215393066406,0.0552,0.2129,0.552205220522052,30.5114212036133,-60.8532104492188,,,,,
anticyclonic,2008-08-23,2008,Aug,23,74,427711,30.9906711578369,-63.4770202636719,0.048,0.2081,0.543654365436544,30.5114212036133,-60.8532104492188,,,,,
anticyclonic,2008-08-24,2008,Aug,24,75,427711,31.0090236663818,-63.5081481933594,0.0445,0.1979,0.537803780378038,30.5114212036133,-60.8532104492188,,,,,
anticyclonic,2008-08-25,2008,Aug,25,76,427711,31.0018920898438,-63.543212890625,0.0395,0.1933,0.542754275427543,30.5114212036133,-60.8532104492188,,,,,
anticyclonic,2008-08-26,2008,Aug,26,77,427711,31.0458869934082,-63.6089172363281,0.0361,0.1816,0.513501350135014,30.5114212036133,-60.8532104492188,,,,,
anticyclonic,2008-08-27,2008,Aug,27,78,427711,31.0308303833008,-63.6430969238281,0.0228,0.1519,0.472997299729973,30.5114212036133,-60.8532104492188,,,,,
anticyclonic,2008-08-19,2008,Aug,19,0,432996,32.2650604248047,-63.6336364746094,0.0367,0.1426,0.533753375337534,32.2650604248047,-63.6336364746094,,,,,
anticyclonic,2008-08-20,2008,Aug,20,1,432996,32.2890243530273,-63.6127624511719,0.0423,0.1557,0.565706570657066,32.2650604248047,-63.6336364746094,,,,,
anticyclonic,2008-08-21,2008,Aug,21,2,432996,32.3199043273926,-63.6048583984375,0.0451,0.1616,0.547704770477048,32.2650604248047,-63.6336364746094,,,,,
anticyclonic,2008-08-22,2008,Aug,22,3,432996,32.3186683654785,-63.5813598632813,0.045,0.1677,0.534653465346535,32.2650604248047,-63.6336364746094,,,,,
anticyclonic,2008-08-23,2008,Aug,23,4,432996,32.2449340820313,-63.6227111816406,0.0411,0.1635,0.514401440144015,32.2650604248047,-63.6336364746094,,,,,
anticyclonic,2008-08-24,2008,Aug,24,5,432996,32.269214630127,-63.6048889160156,0.0415,0.1682,0.507200720072007,32.2650604248047,-63.6336364746094,,,,,
anticyclonic,2008-08-25,2008,Aug,25,6,432996,32.2461891174316,-63.6560974121094,0.0463,0.1783,0.506300630063006,32.2650604248047,-63.6336364746094,,,,,
anticyclonic,2008-08-26,2008,Aug,26,7,432996,32.2412948608398,-63.6808776855469,0.0477,0.1778,0.502250225022502,32.2650604248047,-63.6336364746094,,,,,
anticyclonic,2008-08-27,2008,Aug,27,8,432996,32.2327079772949,-63.7369079589844,0.0326,0.1649,0.432493249324932,32.2650604248047,-63.6336364746094,,,,,
anticyclonic,2008-08-28,2008,Aug,28,9,432996,32.16357421875,-63.7845153808594,0.0251,0.1455,0.357785778577858,32.2650604248047,-63.6336364746094,,,,,
anticyclonic,2008-08-29,2008,Aug,29,10,432996,32.0764427185059,-63.8736877441406,0.0281,0.1512,0.42034203420342,32.2650604248047,-63.6336364746094,,,,,
anticyclonic,2008-08-30,2008,Aug,30,11,432996,31.9893112182617,-63.9628295898438,0.0311,0.1569,0.483348334833483,32.2650604248047,-63.6336364746094,,,,,
anticyclonic,2008-08-31,2008,Aug,31,12,432996,31.9021816253662,-64.052001953125,0.0341,0.1626,0.545904590459046,32.2650604248047,-63.6336364746094,,,,,
anticyclonic,2008-09-01,2008,Sep,1,13,432996,31.8150501251221,-64.1411437988281,0.0371,0.1683,0.608910891089109,32.2650604248047,-63.6336364746094,,,,,
anticyclonic,2008-09-02,2008,Sep,2,14,432996,31.7279186248779,-64.2303161621094,0.0401,0.1741,0.671917191719172,32.2650604248047,-63.6336364746094,,,,,
anticyclonic,2008-09-03,2008,Sep,3,15,432996,31.7454948425293,-64.3075866699219,0.0521,0.1833,0.72007200720072,32.2650604248047,-63.6336364746094,,,,,
anticyclonic,2008-09-04,2008,Sep,4,16,432996,31.774471282959,-64.4109802246094,0.0676,0.1921,0.821782178217822,32.2650604248047,-63.6336364746094,,,,,
anticyclonic,2008-09-05,2008,Sep,5,17,432996,31.8386993408203,-64.4724426269531,0.0791,0.2039,0.887488748874888,32.2650604248047,-63.6336364746094,,,,,
anticyclonic,2008-09-06,2008,Sep,6,18,432996,31.8489551544189,-64.5216369628906,0.0895,0.2121,0.893789378937894,32.2650604248047,-63.6336364746094,,,,,
anticyclonic,2008-09-07,2008,Sep,7,19,432996,31.8530330657959,-64.5783081054688,0.103,0.2216,0.952295229522952,32.2650604248047,-63.6336364746094,,,,,
anticyclonic,2008-09-08,2008,Sep,8,20,432996,31.6443595886231,-64.8515014648438,0.0272,0.1373,0.397839783978398,32.2650604248047,-63.6336364746094,,,,,
anticyclonic,2008-09-09,2008,Sep,9,21,432996,31.9584846496582,-64.6933898925781,0.1191,0.2389,1.07740774077408,32.2650604248047,-63.6336364746094,,,,,
anticyclonic,2008-09-10,2008,Sep,10,22,432996,31.993522644043,-64.7909851074219,0.1289,0.2468,1.18001800180018,32.2650604248047,-63.6336364746094,10239,2,-64.168,31.663,0.70523447327442
anticyclonic,2008-09-10,2008,Sep,10,22,432996,31.993522644043,-64.7909851074219,0.1289,0.2468,1.18001800180018,32.2650604248047,-63.6336364746094,10239,3,-64.171,31.578,0.746351526519125
anticyclonic,2008-09-10,2008,Sep,10,22,432996,31.993522644043,-64.7909851074219,0.1289,0.2468,1.18001800180018,32.2650604248047,-63.6336364746094,10239,4,-64.16,31.572,0.758830379748491
anticyclonic,2008-09-10,2008,Sep,10,22,432996,31.993522644043,-64.7909851074219,0.1289,0.2468,1.18001800180018,32.2650604248047,-63.6336364746094,10239,5,-64.167,31.665,0.705184048269193
anticyclonic,2008-09-10,2008,Sep,10,22,432996,31.993522644043,-64.7909851074219,0.1289,0.2468,1.18001800180018,32.2650604248047,-63.6336364746094,10239,6,-64.169,31.667,0.702483103659776
anticyclonic,2008-09-11,2008,Sep,11,23,432996,32.0090179443359,-64.8048400878906,0.1203,0.2537,1.09225922592259,32.2650604248047,-63.6336364746094,,,,,
anticyclonic,2008-09-12,2008,Sep,12,24,432996,31.8271064758301,-64.9724731445313,0.0179,0.1112,0.382088208820882,32.2650604248047,-63.6336364746094,10239,9,-64.167,31.666,0.821426979783075
anticyclonic,2008-09-12,2008,Sep,12,24,432996,31.8271064758301,-64.9724731445313,0.0179,0.1112,0.382088208820882,32.2650604248047,-63.6336364746094,10239,10,-64.189,31.653,0.802585343205171
anticyclonic,2008-09-12,2008,Sep,12,24,432996,31.8271064758301,-64.9724731445313,0.0179,0.1112,0.382088208820882,32.2650604248047,-63.6336364746094,10239,11,-64.22,31.634,0.776856450219959
anticyclonic,2008-09-12,2008,Sep,12,24,432996,31.8271064758301,-64.9724731445313,0.0179,0.1112,0.382088208820882,32.2650604248047,-63.6336364746094,10239,12,-64.278,31.601,0.730354083227787
anticyclonic,2008-09-13,2008,Sep,13,25,432996,31.8572330474854,-65.0035705566406,0.0126,0.1029,0.366786678667867,32.2650604248047,-63.6336364746094,10239,14,-64.165,31.666,0.860099213413815
anticyclonic,2008-09-14,2008,Sep,14,26,432996,32.0488777160645,-64.8511352539063,0.1001,0.257,1.03465346534653,32.2650604248047,-63.6336364746094,10239,18,-64.172,31.668,0.778647884279474
anticyclonic,2008-09-15,2008,Sep,15,27,432996,32.0248908996582,-64.7961730957031,0.0924,0.2546,0.963996399639964,32.2650604248047,-63.6336364746094,,,,,
anticyclonic,2008-09-16,2008,Sep,16,28,432996,32.0466041564941,-64.8217163085938,0.0898,0.2544,0.951845184518452,32.2650604248047,-63.6336364746094,,,,,
anticyclonic,2008-09-17,2008,Sep,17,29,432996,32.0523910522461,-64.83447265625,0.088,0.2542,0.947344734473447,32.2650604248047,-63.6336364746094,,,,,
anticyclonic,2008-09-18,2008,Sep,18,30,432996,32.0581741333008,-64.8472595214844,0.0862,0.2541,0.942844284428443,32.2650604248047,-63.6336364746094,,,,,
anticyclonic,2008-09-19,2008,Sep,19,31,432996,32.0639610290527,-64.8600158691406,0.0845,0.254,0.938793879387939,32.2650604248047,-63.6336364746094,,,,,
anticyclonic,2008-09-20,2008,Sep,20,32,432996,32.0017395019531,-64.9311828613281,0.0648,0.2101,0.773177317731773,32.2650604248047,-63.6336364746094,,,,,
anticyclonic,2008-09-21,2008,Sep,21,33,432996,31.9395217895508,-65.0023498535156,0.0452,0.1662,0.607560756075608,32.2650604248047,-63.6336364746094,,,,,
anticyclonic,2008-09-22,2008,Sep,22,34,432996,31.8773021697998,-65.0735168457031,0.0256,0.1223,0.441944194419442,32.2650604248047,-63.6336364746094,,,,,
anticyclonic,2008-09-23,2008,Sep,23,35,432996,31.8150825500488,-65.1446838378906,0.006,0.0785,0.276777677767777,32.2650604248047,-63.6336364746094,,,,,
anticyclonic,2008-09-24,2008,Sep,24,36,432996,31.7688751220703,-65.1533203125,0.0056,0.0813,0.247074707470747,32.2650604248047,-63.6336364746094,,,,,
anticyclonic,2008-10-23,2008,Oct,23,0,437848,31.3256683349609,-64.6369018554688,0.0066,0.0683,0.3001800180018,31.3256683349609,-64.6369018554688,,,,,
anticyclonic,2008-10-24,2008,Oct,24,1,437848,31.3602981567383,-64.6808166503906,0.0057,0.0704,0.325382538253825,31.3256683349609,-64.6369018554688,,,,,
anticyclonic,2008-10-25,2008,Oct,25,2,437848,31.3915863037109,-64.6798095703125,0.0069,0.0724,0.292979297929793,31.3256683349609,-64.6369018554688,,,,,
anticyclonic,2008-10-26,2008,Oct,26,3,437848,31.432056427002,-64.6626281738281,0.0082,0.0765,0.292529252925293,31.3256683349609,-64.6369018554688,,,,,
anticyclonic,2008-10-27,2008,Oct,27,4,437848,31.4533920288086,-64.6318969726563,0.0048,0.0749,0.279027902790279,31.3256683349609,-64.6369018554688,,,,,
anticyclonic,2008-10-28,2008,Oct,28,5,437848,31.4480171203613,-64.7185974121094,0.008,0.085,0.342034203420342,31.3256683349609,-64.6369018554688,50042,26,-64.167,31.667,0.593475531610738
anticyclonic,2008-10-29,2008,Oct,29,6,437848,31.4528713226318,-64.7316284179688,0.0102,0.0872,0.351485148514851,31.3256683349609,-64.6369018554688,,,,,
anticyclonic,2008-10-30,2008,Oct,30,7,437848,31.457986831665,-64.7601318359375,0.0089,0.0866,0.352385238523852,31.3256683349609,-64.6369018554688,,,,,
anticyclonic,2008-10-31,2008,Oct,31,8,437848,31.4838714599609,-64.810791015625,0.0108,0.0956,0.354635463546355,31.3256683349609,-64.6369018554688,,,,,
anticyclonic,2008-11-01,2008,Nov,1,9,437848,31.4576435089111,-64.8450012207031,0.0129,0.0986,0.432943294329433,31.3256683349609,-64.6369018554688,,,,,
anticyclonic,2008-11-02,2008,Nov,2,10,437848,31.4656791687012,-64.8632202148438,0.0132,0.0977,0.426642664266427,31.3256683349609,-64.6369018554688,,,,,
anticyclonic,2008-11-03,2008,Nov,3,11,437848,31.4737167358398,-64.8814697265625,0.0135,0.0968,0.42034203420342,31.3256683349609,-64.6369018554688,,,,,
anticyclonic,2008-11-04,2008,Nov,4,12,437848,31.4817543029785,-64.8997192382813,0.0138,0.0959,0.414041404140414,31.3256683349609,-64.6369018554688,,,,,
anticyclonic,2008-11-05,2008,Nov,5,13,437848,31.4897899627686,-64.9179382324219,0.0141,0.0951,0.408190819081908,31.3256683349609,-64.6369018554688,,,,,
anticyclonic,2008-11-06,2008,Nov,6,14,437848,31.5072708129883,-64.9569396972656,0.0142,0.0899,0.399189918991899,31.3256683349609,-64.6369018554688,,,,,
anticyclonic,2008-11-07,2008,Nov,7,15,437848,31.5154800415039,-64.9629821777344,0.0142,0.087,0.40954095409541,31.3256683349609,-64.6369018554688,,,,,
anticyclonic,2008-11-08,2008,Nov,8,16,437848,31.5234928131104,-65.024658203125,0.0136,0.0853,0.422592259225923,31.3256683349609,-64.6369018554688,10241,1,-64.169,31.583,0.857724936017732
anticyclonic,2008-11-08,2008,Nov,8,16,437848,31.5234928131104,-65.024658203125,0.0136,0.0853,0.422592259225923,31.3256683349609,-64.6369018554688,10241,2,-64.21,31.584,0.816902140763603
anticyclonic,2008-11-09,2008,Nov,9,17,437848,31.5419979095459,-65.0348510742188,0.0102,0.0796,0.357335733573357,31.3256683349609,-64.6369018554688,10241,4,-64.166,31.665,0.877514503257501
anticyclonic,2008-11-09,2008,Nov,9,17,437848,31.5419979095459,-65.0348510742188,0.0102,0.0796,0.357335733573357,31.3256683349609,-64.6369018554688,10241,5,-64.168,31.666,0.875675341271681
anticyclonic,2008-11-09,2008,Nov,9,17,437848,31.5419979095459,-65.0348510742188,0.0102,0.0796,0.357335733573357,31.3256683349609,-64.6369018554688,10241,6,-64.166,31.666,0.877655232769775
anticyclonic,2008-11-10,2008,Nov,10,18,437848,31.5542507171631,-65.0581359863281,0.0112,0.0801,0.346534653465347,31.3256683349609,-64.6369018554688,10241,7,-64.171,31.667,0.894272139238693
anticyclonic,2008-11-10,2008,Nov,10,18,437848,31.5542507171631,-65.0581359863281,0.0112,0.0801,0.346534653465347,31.3256683349609,-64.6369018554688,10241,9,-64.157,31.646,0.905794676931038
anticyclonic,2008-11-10,2008,Nov,10,18,437848,31.5542507171631,-65.0581359863281,0.0112,0.0801,0.346534653465347,31.3256683349609,-64.6369018554688,10241,10,-64.162,31.63,0.899331785184158
anticyclonic,2008-11-10,2008,Nov,10,18,437848,31.5542507171631,-65.0581359863281,0.0112,0.0801,0.346534653465347,31.3256683349609,-64.6369018554688,10241,11,-64.15,31.614,0.910099415703372
anticyclonic,2008-11-11,2008,Nov,11,19,437848,31.6438293457031,-65.0953979492188,0.0103,0.0822,0.402340234023402,31.3256683349609,-64.6369018554688,10241,13,-64.17,31.665,0.925640081792988
anticyclonic,2008-11-12,2008,Nov,12,20,437848,31.5682563781738,-65.1612548828125,0.0093,0.0833,0.33033303330333,31.3256683349609,-64.6369018554688,,,,,
anticyclonic,2008-11-30,2008,Nov,30,0,440514,32.2892303466797,-64.4272155761719,0.0118,0.0967,0.405490549054906,32.2892303466797,-64.4272155761719,,,,,
anticyclonic,2008-12-01,2008,Dec,1,1,440514,32.2552680969238,-64.615478515625,0.0146,0.1086,0.421692169216922,32.2892303466797,-64.4272155761719,,,,,
anticyclonic,2008-12-02,2008,Dec,2,2,440514,32.2314033508301,-64.6984252929688,0.0169,0.1189,0.397389738973897,32.2892303466797,-64.4272155761719,,,,,
anticyclonic,2008-12-03,2008,Dec,3,3,440514,32.2531623840332,-64.7848205566406,0.0172,0.1233,0.36993699369937,32.2892303466797,-64.4272155761719,,,,,
anticyclonic,2008-12-04,2008,Dec,4,4,440514,32.243350982666,-64.8799438476563,0.0155,0.1218,0.31953195319532,32.2892303466797,-64.4272155761719,,,,,
anticyclonic,2008-12-05,2008,Dec,5,5,440514,32.2290802001953,-64.9642639160156,0.0164,0.1307,0.354635463546355,32.2892303466797,-64.4272155761719,,,,,
anticyclonic,2008-12-06,2008,Dec,6,6,440514,32.2105941772461,-64.9963684082031,0.0197,0.1425,0.35958595859586,32.2892303466797,-64.4272155761719,,,,,
anticyclonic,2008-12-07,2008,Dec,7,7,440514,32.2100372314453,-65.0417785644531,0.0218,0.1476,0.363186318631863,32.2892303466797,-64.4272155761719,,,,,
anticyclonic,2008-12-08,2008,Dec,8,8,440514,32.1925239562988,-65.0855102539063,0.0212,0.1441,0.344284428442844,32.2892303466797,-64.4272155761719,,,,,
anticyclonic,2008-12-09,2008,Dec,9,9,440514,32.1777305603027,-65.1448059082031,0.0209,0.1517,0.356885688568857,32.2892303466797,-64.4272155761719,,,,,
cyclonic,2008-06-03,2008,Jun,3,344,425388,31.5531616210938,-63.1972961425781,0.157,0.2011,1.57830783078308,33.1745567321777,-53.1933898925781,,,,,
cyclonic,2008-06-04,2008,Jun,4,345,425388,31.5094947814941,-63.2774963378906,0.1547,0.2041,1.6026102610261,33.1745567321777,-53.1933898925781,,,,,
cyclonic,2008-06-05,2008,Jun,5,346,425388,31.5061016082764,-63.3099670410156,0.1505,0.2071,1.57110711071107,33.1745567321777,-53.1933898925781,,,,,
cyclonic,2008-06-06,2008,Jun,6,347,425388,31.5158271789551,-63.3691101074219,0.1494,0.2083,1.63096309630963,33.1745567321777,-53.1933898925781,,,,,
cyclonic,2008-06-07,2008,Jun,7,348,425388,31.5457916259766,-63.4880065917969,0.1482,0.2097,1.64941494149415,33.1745567321777,-53.1933898925781,,,,,
cyclonic,2008-06-08,2008,Jun,8,349,425388,31.5611305236816,-63.5207214355469,0.1496,0.2118,1.7038703870387,33.1745567321777,-53.1933898925781,,,,,
cyclonic,2008-06-09,2008,Jun,9,350,425388,31.5243911743164,-63.2953491210938,0.1057,0.185,1.32133213321332,33.1745567321777,-53.1933898925781,,,,,
cyclonic,2008-06-10,2008,Jun,10,351,425388,31.5258293151856,-63.365966796875,0.102,0.1887,1.3024302430243,33.1745567321777,-53.1933898925781,,,,,
cyclonic,2008-06-11,2008,Jun,11,352,425388,31.502965927124,-63.4396667480469,0.0977,0.1903,1.25877587758776,33.1745567321777,-53.1933898925781,,,,,
cyclonic,2008-06-12,2008,Jun,12,353,425388,31.3488464355469,-63.6479187011719,0.0948,0.1931,1.24572457245725,33.1745567321777,-53.1933898925781,,,,,
cyclonic,2008-06-13,2008,Jun,13,354,425388,31.3562469482422,-63.7141723632813,0.0944,0.1986,1.17641764176418,33.1745567321777,-53.1933898925781,,,,,
cyclonic,2008-06-14,2008,Jun,14,355,425388,31.3636455535889,-63.7803955078125,0.0941,0.2042,1.10711071107111,33.1745567321777,-53.1933898925781,,,,,
cyclonic,2008-06-15,2008,Jun,15,356,425388,31.373291015625,-63.868408203125,0.0973,0.2064,1.10711071107111,33.1745567321777,-53.1933898925781,,,,,
cyclonic,2008-06-16,2008,Jun,16,357,425388,31.4004402160645,-63.928466796875,0.1,0.2101,1.09180918091809,33.1745567321777,-53.1933898925781,,,,,
cyclonic,2008-06-17,2008,Jun,17,358,425388,31.3686637878418,-63.9832458496094,0.0978,0.2092,1.04275427542754,33.1745567321777,-53.1933898925781,,,,,
cyclonic,2008-06-18,2008,Jun,18,359,425388,31.4045925140381,-64.028076171875,0.1044,0.2102,1.02115211521152,33.1745567321777,-53.1933898925781,,,,,
cyclonic,2008-06-19,2008,Jun,19,360,425388,31.4193630218506,-64.0673828125,0.0983,0.2073,0.954095409540954,33.1745567321777,-53.1933898925781,,,,,
cyclonic,2008-06-20,2008,Jun,20,361,425388,31.4944362640381,-64.1366271972656,0.098,0.2049,0.903690369036904,33.1745567321777,-53.1933898925781,,,,,
cyclonic,2008-06-21,2008,Jun,21,362,425388,31.6062316894531,-64.0592651367188,0.1614,0.2146,1.67686768676868,33.1745567321777,-53.1933898925781,10236,1,-64.167,31.666,0.123203294241057
cyclonic,2008-06-22,2008,Jun,22,363,425388,31.5287189483643,-64.140625,0.1564,0.2097,1.6003600360036,33.1745567321777,-53.1933898925781,10236,2,-64.166,31.668,0.141573662698067
cyclonic,2008-06-22,2008,Jun,22,363,425388,31.5287189483643,-64.140625,0.1564,0.2097,1.6003600360036,33.1745567321777,-53.1933898925781,10236,4,-64.15,31.681,0.152569359021643
cyclonic,2008-06-22,2008,Jun,22,363,425388,31.5287189483643,-64.140625,0.1564,0.2097,1.6003600360036,33.1745567321777,-53.1933898925781,10236,5,-64.16,31.667,0.139631801057192
cyclonic,2008-06-22,2008,Jun,22,363,425388,31.5287189483643,-64.140625,0.1564,0.2097,1.6003600360036,33.1745567321777,-53.1933898925781,10236,6,-64.176,31.729,0.203381145314165
cyclonic,2008-06-23,2008,Jun,23,364,425388,31.5864810943604,-64.238037109375,0.1537,0.2053,1.60621062106211,33.1745567321777,-53.1933898925781,10236,7,-64.156,31.667,0.114949473596027
cyclonic,2008-06-23,2008,Jun,23,364,425388,31.5864810943604,-64.238037109375,0.1537,0.2053,1.60621062106211,33.1745567321777,-53.1933898925781,10236,8,-64.163,31.666,0.109333545343941
cyclonic,2008-06-23,2008,Jun,23,364,425388,31.5864810943604,-64.238037109375,0.1537,0.2053,1.60621062106211,33.1745567321777,-53.1933898925781,10236,9,-64.189,31.686,0.110944358466574
cyclonic,2008-06-24,2008,Jun,24,365,425388,31.479606628418,-64.4006042480469,0.0953,0.2054,0.948244824482448,33.1745567321777,-53.1933898925781,10236,12,-64.162,31.668,0.304013239254573
cyclonic,2008-06-25,2008,Jun,25,366,425388,31.4897613525391,-64.4595336914063,0.0898,0.2034,0.986048604860486,33.1745567321777,-53.1933898925781,10236,13,-64.167,31.582,0.306731036403582
cyclonic,2008-06-26,2008,Jun,26,367,425388,31.455753326416,-64.5607604980469,0.086,0.2,0.960396039603961,33.1745567321777,-53.1933898925781,10236,14,-64.088,31.596,0.49312434331002
cyclonic,2008-06-27,2008,Jun,27,368,425388,31.4385986328125,-64.6890563964844,0.0827,0.1932,1.0022502250225,33.1745567321777,-53.1933898925781,,,,,
cyclonic,2008-06-28,2008,Jun,28,369,425388,31.2710113525391,-64.9104919433594,0.0767,0.192,1.00810081008101,33.1745567321777,-53.1933898925781,,,,,
cyclonic,2008-06-29,2008,Jun,29,370,425388,31.2920322418213,-64.9617004394531,0.0727,0.1961,1.01215121512151,33.1745567321777,-53.1933898925781,,,,,
cyclonic,2008-06-30,2008,Jun,30,371,425388,31.1326484680176,-65.0106506347656,0.0668,0.1971,1.06210621062106,33.1745567321777,-53.1933898925781,,,,,
cyclonic,2008-07-01,2008,Jul,1,372,425388,31.283182144165,-65.141845703125,0.0728,0.1963,1.02880288028803,33.1745567321777,-53.1933898925781,,,,,
cyclonic,2008-01-15,2008,Jan,15,111,432825,31.3024387359619,-63.1926879882813,0.1167,0.1894,1.08505850585059,35.6303024291992,-57.7949829101563,10231,1,-64.168,31.579,1.01376508766535
cyclonic,2008-01-15,2008,Jan,15,111,432825,31.3024387359619,-63.1926879882813,0.1167,0.1894,1.08505850585059,35.6303024291992,-57.7949829101563,10231,2,-64.16,31.661,1.03162915240113
cyclonic,2008-01-15,2008,Jan,15,111,432825,31.3024387359619,-63.1926879882813,0.1167,0.1894,1.08505850585059,35.6303024291992,-57.7949829101563,10231,3,-64.164,31.665,1.03677273029818
cyclonic,2008-01-15,2008,Jan,15,111,432825,31.3024387359619,-63.1926879882813,0.1167,0.1894,1.08505850585059,35.6303024291992,-57.7949829101563,10231,4,-64.164,31.664,1.03642345195478
cyclonic,2008-01-16,2008,Jan,16,112,432825,31.2747001647949,-63.2230529785156,0.1166,0.1888,1.0999099909991,35.6303024291992,-57.7949829101563,,,,,
cyclonic,2008-01-17,2008,Jan,17,113,432825,31.2565250396729,-63.2708740234375,0.1143,0.1897,1.12466246624662,35.6303024291992,-57.7949829101563,10231,6,-64.163,31.614,0.961081216817002
cyclonic,2008-01-18,2008,Jan,18,114,432825,31.22873878479,-63.3114929199219,0.1126,0.1875,1.13771377137714,35.6303024291992,-57.7949829101563,,,,,
cyclonic,2008-01-19,2008,Jan,19,115,432825,31.2071876525879,-63.3628540039063,0.1081,0.1824,1.12421242124212,35.6303024291992,-57.7949829101563,,,,,
cyclonic,2008-01-20,2008,Jan,20,116,432825,31.1883449554443,-63.4062805175781,0.1082,0.1829,1.12826282628263,35.6303024291992,-57.7949829101563,,,,,
cyclonic,2008-01-21,2008,Jan,21,117,432825,31.1742534637451,-63.4432373046875,0.1078,0.1824,1.17146714671467,35.6303024291992,-57.7949829101563,,,,,
cyclonic,2008-01-22,2008,Jan,22,118,432825,31.1610145568848,-63.4840393066406,0.1064,0.1823,1.1048604860486,35.6303024291992,-57.7949829101563,,,,,
cyclonic,2008-01-23,2008,Jan,23,119,432825,31.1473388671875,-63.5144958496094,0.1089,0.1868,1.13816381638164,35.6303024291992,-57.7949829101563,,,,,
cyclonic,2008-01-24,2008,Jan,24,120,432825,31.1421508789063,-63.5834655761719,0.1138,0.1877,1.19126912691269,35.6303024291992,-57.7949829101563,,,,,
cyclonic,2008-01-25,2008,Jan,25,121,432825,31.1336517333984,-63.6124267578125,0.1185,0.1886,1.17686768676868,35.6303024291992,-57.7949829101563,,,,,
cyclonic,2008-01-26,2008,Jan,26,122,432825,31.135778427124,-63.6461791992188,0.1269,0.188,1.23852385238524,35.6303024291992,-57.7949829101563,,,,,
cyclonic,2008-01-27,2008,Jan,27,123,432825,31.1289024353027,-63.6983642578125,0.1321,0.1875,1.27272727272727,35.6303024291992,-57.7949829101563,,,,,
cyclonic,2008-01-28,2008,Jan,28,124,432825,31.1276779174805,-63.7498168945313,0.1266,0.1848,1.29072907290729,35.6303024291992,-57.7949829101563,,,,,
cyclonic,2008-01-29,2008,Jan,29,125,432825,31.0146598815918,-64.0009460449219,0.1235,0.1792,1.22997299729973,35.6303024291992,-57.7949829101563,,,,,
cyclonic,2008-01-30,2008,Jan,30,126,432825,31.1122608184814,-63.8420104980469,0.126,0.1844,1.22277227722772,35.6303024291992,-57.7949829101563,,,,,
cyclonic,2008-01-31,2008,Jan,31,127,432825,31.0047225952148,-64.0536499023438,0.1259,0.1851,1.21017101710171,35.6303024291992,-57.7949829101563,,,,,
cyclonic,2008-02-01,2008,Feb,1,128,432825,31.1152477264404,-63.9198303222656,0.1289,0.1891,1.25382538253825,35.6303024291992,-57.7949829101563,,,,,
cyclonic,2008-02-02,2008,Feb,2,129,432825,31.1159687042236,-63.9471130371094,0.1284,0.194,1.21062106210621,35.6303024291992,-57.7949829101563,,,,,
cyclonic,2008-02-03,2008,Feb,3,130,432825,31.1090450286865,-63.983154296875,0.1285,0.1958,1.18946894689469,35.6303024291992,-57.7949829101563,,,,,
cyclonic,2008-02-04,2008,Feb,4,131,432825,31.0108604431152,-64.2234191894531,0.1263,0.1976,1.16831683168317,35.6303024291992,-57.7949829101563,,,,,
cyclonic,2008-02-05,2008,Feb,5,132,432825,31.0155773162842,-64.2745666503906,0.1247,0.2024,1.13996399639964,35.6303024291992,-57.7949829101563,,,,,
cyclonic,2008-02-06,2008,Feb,6,133,432825,30.9918727874756,-64.3095703125,0.1224,0.206,1.08775877587759,35.6303024291992,-57.7949829101563,,,,,
cyclonic,2008-02-07,2008,Feb,7,134,432825,31.0038375854492,-64.3707885742188,0.1373,0.2102,1.33663366336634,35.6303024291992,-57.7949829101563,,,,,
cyclonic,2008-02-08,2008,Feb,8,135,432825,31.0083103179932,-64.4291687011719,0.1425,0.216,1.32358235823582,35.6303024291992,-57.7949829101563,,,,,
cyclonic,2008-02-09,2008,Feb,9,136,432825,30.9738826751709,-64.4826965332031,0.1436,0.2164,1.33303330333033,35.6303024291992,-57.7949829101563,,,,,
cyclonic,2008-02-10,2008,Feb,10,137,432825,30.9731998443604,-64.5290222167969,0.1452,0.2184,1.35373537353735,35.6303024291992,-57.7949829101563,,,,,
cyclonic,2008-02-11,2008,Feb,11,138,432825,30.9668025970459,-64.5341491699219,0.1486,0.2202,1.41089108910891,35.6303024291992,-57.7949829101563,10232,1,-64.163,31.573,0.710793217245366
cyclonic,2008-02-12,2008,Feb,12,139,432825,30.9549217224121,-64.552490234375,0.1514,0.2246,1.38748874887489,35.6303024291992,-57.7949829101563,10232,2,-64.172,31.667,0.807358837114761
cyclonic,2008-02-12,2008,Feb,12,139,432825,30.9549217224121,-64.552490234375,0.1514,0.2246,1.38748874887489,35.6303024291992,-57.7949829101563,10232,4,-64.175,31.669,0.807716945205063
cyclonic,2008-02-12,2008,Feb,12,139,432825,30.9549217224121,-64.552490234375,0.1514,0.2246,1.38748874887489,35.6303024291992,-57.7949829101563,10232,5,-64.187,31.658,0.792402786365284
cyclonic,2008-02-12,2008,Feb,12,139,432825,30.9549217224121,-64.552490234375,0.1514,0.2246,1.38748874887489,35.6303024291992,-57.7949829101563,10232,6,-64.201,31.637,0.767317510303444
cyclonic,2008-02-12,2008,Feb,12,139,432825,30.9549217224121,-64.552490234375,0.1514,0.2246,1.38748874887489,35.6303024291992,-57.7949829101563,10232,7,-64.24,31.63,0.743895710063442
cyclonic,2008-02-13,2008,Feb,13,140,432825,30.9733924865723,-64.6162109375,0.1564,0.2213,1.40684068406841,35.6303024291992,-57.7949829101563,10232,9,-64.166,31.669,0.828588981933563
cyclonic,2008-02-13,2008,Feb,13,140,432825,30.9733924865723,-64.6162109375,0.1564,0.2213,1.40684068406841,35.6303024291992,-57.7949829101563,10232,10,-64.166,31.67,0.829428668426982
cyclonic,2008-02-14,2008,Feb,14,141,432825,30.9820423126221,-64.60205078125,0.1563,0.2184,1.38388838883888,35.6303024291992,-57.7949829101563,,,,,
cyclonic,2008-02-15,2008,Feb,15,142,432825,30.9978752136231,-64.4500427246094,0.1551,0.2231,1.31548154815482,35.6303024291992,-57.7949829101563,,,,,
cyclonic,2008-02-16,2008,Feb,16,143,432825,30.9888648986816,-64.4682922363281,0.138,0.2266,1.13726372637264,35.6303024291992,-57.7949829101563,,,,,
cyclonic,2008-02-17,2008,Feb,17,144,432825,30.9868659973145,-64.4995727539063,0.1487,0.2312,1.32178217821782,35.6303024291992,-57.7949829101563,,,,,
cyclonic,2008-02-18,2008,Feb,18,145,432825,30.9767799377441,-64.5395812988281,0.1428,0.2363,1.18901890189019,35.6303024291992,-57.7949829101563,,,,,
cyclonic,2008-02-19,2008,Feb,19,146,432825,30.9731578826904,-64.5684509277344,0.1357,0.2401,1.12421242124212,35.6303024291992,-57.7949829101563,,,,,
cyclonic,2008-02-20,2008,Feb,20,147,432825,30.9726543426514,-64.5876770019531,0.1331,0.2438,1.02835283528353,35.6303024291992,-57.7949829101563,,,,,
cyclonic,2008-02-21,2008,Feb,21,148,432825,30.9739093780518,-64.614501953125,0.1262,0.2479,0.927542754275428,35.6303024291992,-57.7949829101563,,,,,
cyclonic,2008-02-22,2008,Feb,22,149,432825,30.950569152832,-64.633544921875,0.1253,0.2548,0.885238523852385,35.6303024291992,-57.7949829101563,20232,1,-64.167,31.666,0.854110918562028
cyclonic,2008-02-23,2008,Feb,23,150,432825,30.9379692077637,-64.6625366210938,0.1238,0.2577,0.86048604860486,35.6303024291992,-57.7949829101563,20232,2,-64.164,31.667,0.88319004670587
cyclonic,2008-02-23,2008,Feb,23,150,432825,30.9379692077637,-64.6625366210938,0.1238,0.2577,0.86048604860486,35.6303024291992,-57.7949829101563,20232,3,-64.191,31.667,0.868235383442331
cyclonic,2008-02-23,2008,Feb,23,150,432825,30.9379692077637,-64.6625366210938,0.1238,0.2577,0.86048604860486,35.6303024291992,-57.7949829101563,20232,4,-64.244,31.626,0.805331778996665
cyclonic,2008-02-24,2008,Feb,24,151,432825,30.9311943054199,-64.6900634765625,0.1232,0.2612,0.859135913591359,35.6303024291992,-57.7949829101563,,,,,
cyclonic,2008-02-25,2008,Feb,25,152,432825,30.9246978759766,-64.7283020019531,0.1216,0.2688,0.85013501350135,35.6303024291992,-57.7949829101563,,,,,
cyclonic,2008-02-26,2008,Feb,26,153,432825,30.911319732666,-64.7574768066406,0.1202,0.2713,0.874887488748875,35.6303024291992,-57.7949829101563,,,,,
cyclonic,2008-02-27,2008,Feb,27,154,432825,30.8903751373291,-64.7958984375,0.1237,0.2722,0.936543654365436,35.6303024291992,-57.7949829101563,,,,,
cyclonic,2008-02-28,2008,Feb,28,155,432825,30.8861408233643,-64.8320922851563,0.1244,0.2727,0.941044104410441,35.6303024291992,-57.7949829101563,,,,,
cyclonic,2008-02-29,2008,Feb,29,156,432825,30.8683795928955,-64.8699951171875,0.1262,0.2727,0.925742574257426,35.6303024291992,-57.7949829101563,,,,,
cyclonic,2008-03-01,2008,Mar,1,157,432825,30.8510398864746,-64.8901062011719,0.1254,0.2759,0.903690369036904,35.6303024291992,-57.7949829101563,,,,,
cyclonic,2008-03-02,2008,Mar,2,158,432825,30.8410129547119,-64.9342651367188,0.1268,0.2708,0.92034203420342,35.6303024291992,-57.7949829101563,,,,,
cyclonic,2008-03-03,2008,Mar,3,159,432825,30.8311061859131,-64.9795227050781,0.1283,0.2698,0.932943294329433,35.6303024291992,-57.7949829101563,,,,,
cyclonic,2008-03-04,2008,Mar,4,160,432825,30.8210735321045,-65.0115356445313,0.1216,0.2669,0.9000900090009,35.6303024291992,-57.7949829101563,,,,,
cyclonic,2008-03-05,2008,Mar,5,161,432825,30.8041515350342,-65.0680541992188,0.1029,0.2642,0.683618361836184,35.6303024291992,-57.7949829101563,,,,,
cyclonic,2008-03-06,2008,Mar,6,162,432825,30.7935466766357,-65.1091613769531,0.1244,0.2608,0.92034203420342,35.6303024291992,-57.7949829101563,,,,,
cyclonic,2008-03-07,2008,Mar,7,163,432825,30.8000907897949,-65.1663208007813,0.1207,0.258,0.906390639063907,35.6303024291992,-57.7949829101563,,,,,
cyclonic,2008-07-12,2008,Jul,12,0,456060,31.3319530487061,-64.3933715820313,0.0148,0.1148,0.355535553555356,31.3319530487061,-64.3933715820313,,,,,
cyclonic,2008-07-13,2008,Jul,13,1,456060,31.302375793457,-64.3751220703125,0.0213,0.1338,0.37038703870387,31.3319530487061,-64.3933715820313,,,,,
cyclonic,2008-07-14,2008,Jul,14,2,456060,31.2783203125,-64.3755798339844,0.0272,0.1541,0.397839783978398,31.3319530487061,-64.3933715820313,,,,,
cyclonic,2008-07-15,2008,Jul,15,3,456060,31.2201881408691,-64.4143676757813,0.0305,0.163,0.431143114311431,31.3319530487061,-64.3933715820313,10237,1,-64.168,31.579,0.435250481818059
cyclonic,2008-07-16,2008,Jul,16,4,456060,31.2224617004395,-64.4317932128906,0.0329,0.1662,0.49009900990099,31.3319530487061,-64.3933715820313,10237,2,-64.168,31.578,0.442712481890348
cyclonic,2008-07-16,2008,Jul,16,4,456060,31.2224617004395,-64.4317932128906,0.0329,0.1662,0.49009900990099,31.3319530487061,-64.3933715820313,10237,3,-64.167,31.662,0.513136787195636
cyclonic,2008-07-16,2008,Jul,16,4,456060,31.2224617004395,-64.4317932128906,0.0329,0.1662,0.49009900990099,31.3319530487061,-64.3933715820313,10237,4,-64.179,31.665,0.509651405434585
cyclonic,2008-07-16,2008,Jul,16,4,456060,31.2224617004395,-64.4317932128906,0.0329,0.1662,0.49009900990099,31.3319530487061,-64.3933715820313,10237,5,-64.186,31.574,0.428944611297272
cyclonic,2008-07-17,2008,Jul,17,5,456060,31.1996078491211,-64.4656982421875,0.0303,0.1688,0.408190819081908,31.3319530487061,-64.3933715820313,10237,6,-64.171,31.669,0.554234648190744
cyclonic,2008-07-17,2008,Jul,17,5,456060,31.1996078491211,-64.4656982421875,0.0303,0.1688,0.408190819081908,31.3319530487061,-64.3933715820313,10237,7,-64.168,31.667,0.554147693403779
cyclonic,2008-07-18,2008,Jul,18,6,456060,31.1913108825684,-64.4805603027344,0.0306,0.1687,0.426192619261926,31.3319530487061,-64.3933715820313,10237,9,-64.166,31.668,0.571122315037751
cyclonic,2008-07-19,2008,Jul,19,7,456060,31.2478218078613,-64.5152282714844,0.026,0.1666,0.406390639063906,31.3319530487061,-64.3933715820313,10237,14,-64.167,31.672,0.548807860500441
cyclonic,2008-07-19,2008,Jul,19,7,456060,31.2478218078613,-64.5152282714844,0.026,0.1666,0.406390639063906,31.3319530487061,-64.3933715820313,10237,15,-64.18,31.67,0.539084798450039
cyclonic,2008-07-20,2008,Jul,20,8,456060,31.2396392822266,-64.5454406738281,0.0231,0.1645,0.398289828982898,31.3319530487061,-64.3933715820313,10237,18,-64.165,31.671,0.575158391350376
cyclonic,2008-07-21,2008,Jul,21,9,456060,31.2165660858154,-64.6217346191406,0.0211,0.1597,0.392889288928893,31.3319530487061,-64.3933715820313,,,,,
cyclonic,2008-07-22,2008,Jul,22,10,456060,31.2854270935059,-64.6808776855469,0.0182,0.1501,0.32988298829883,31.3319530487061,-64.3933715820313,,,,,
cyclonic,2008-07-23,2008,Jul,23,11,456060,31.303201675415,-64.6691284179688,0.0163,0.1397,0.301980198019802,31.3319530487061,-64.3933715820313,,,,,
cyclonic,2008-07-24,2008,Jul,24,12,456060,31.3068656921387,-64.6940307617188,0.0141,0.1321,0.297479747974798,31.3319530487061,-64.3933715820313,,,,,
cyclonic,2008-07-25,2008,Jul,25,13,456060,31.3334693908691,-64.7484436035156,0.012,0.1279,0.316831683168317,31.3319530487061,-64.3933715820313,,,,,
cyclonic,2008-07-26,2008,Jul,26,14,456060,31.3600082397461,-64.8547668457031,0.0116,0.1187,0.347434743474347,31.3319530487061,-64.3933715820313,,,,,
cyclonic,2008-07-27,2008,Jul,27,15,456060,31.3231468200684,-64.9638366699219,0.008,0.0932,0.267776777677768,31.3319530487061,-64.3933715820313,,,,,
cyclonic,2008-09-28,2008,Sep,28,0,462432,31.3859214782715,-63.9804077148438,0.0087,0.0799,0.441044104410441,31.3859214782715,-63.9804077148438,,,,,
cyclonic,2008-09-29,2008,Sep,29,1,462432,31.3142509460449,-64.1252136230469,0.0154,0.1002,0.396939693969397,31.3859214782715,-63.9804077148438,,,,,
cyclonic,2008-09-30,2008,Sep,30,2,462432,31.3550834655762,-64.1702575683594,0.02,0.1198,0.410441044104411,31.3859214782715,-63.9804077148438,,,,,
cyclonic,2008-10-01,2008,Oct,1,3,462432,31.3257961273193,-64.2434387207031,0.0242,0.1233,0.443744374437444,31.3859214782715,-63.9804077148438,,,,,
cyclonic,2008-10-02,2008,Oct,2,4,462432,31.3453884124756,-64.2782592773438,0.0285,0.1293,0.457695769576958,31.3859214782715,-63.9804077148438,,,,,
cyclonic,2008-10-03,2008,Oct,3,5,462432,31.3742599487305,-64.3281555175781,0.034,0.1378,0.491449144914492,31.3859214782715,-63.9804077148438,,,,,
cyclonic,2008-10-04,2008,Oct,4,6,462432,31.3701763153076,-64.4437866210938,0.0335,0.1443,0.491899189918992,31.3859214782715,-63.9804077148438,,,,,
cyclonic,2008-10-05,2008,Oct,5,7,462432,31.342887878418,-64.4899291992188,0.0352,0.1535,0.463996399639964,31.3859214782715,-63.9804077148438,,,,,
cyclonic,2008-10-06,2008,Oct,6,8,462432,31.3488101959229,-64.5608520507813,0.0346,0.1584,0.444194419441944,31.3859214782715,-63.9804077148438,,,,,
cyclonic,2008-10-07,2008,Oct,7,9,462432,31.356372833252,-64.6538391113281,0.0334,0.1614,0.436993699369937,31.3859214782715,-63.9804077148438,10240,2,-64.169,31.581,0.534346636477348
cyclonic,2008-10-07,2008,Oct,7,9,462432,31.356372833252,-64.6538391113281,0.0334,0.1614,0.436993699369937,31.3859214782715,-63.9804077148438,10240,3,-64.209,31.653,0.534667664086873
cyclonic,2008-10-07,2008,Oct,7,9,462432,31.356372833252,-64.6538391113281,0.0334,0.1614,0.436993699369937,31.3859214782715,-63.9804077148438,10240,4,-64.17,31.667,0.574969149061627
cyclonic,2008-10-08,2008,Oct,8,10,462432,31.3870754241943,-64.7366333007813,0.0314,0.1637,0.426642664266427,31.3859214782715,-63.9804077148438,10240,5,-64.167,31.667,0.63469667204028
cyclonic,2008-10-08,2008,Oct,8,10,462432,31.3870754241943,-64.7366333007813,0.0314,0.1637,0.426642664266427,31.3859214782715,-63.9804077148438,10240,6,-64.166,31.666,0.635154534699204
cyclonic,2008-10-09,2008,Oct,9,11,462432,31.3284149169922,-64.8287048339844,0.0329,0.1661,0.398739873987399,31.3859214782715,-63.9804077148438,10240,8,-64.164,31.668,0.74642517704298
cyclonic,2008-10-09,2008,Oct,9,11,462432,31.3284149169922,-64.8287048339844,0.0329,0.1661,0.398739873987399,31.3859214782715,-63.9804077148438,10240,9,-64.17,31.651,0.733452925615248
cyclonic,2008-10-09,2008,Oct,9,11,462432,31.3284149169922,-64.8287048339844,0.0329,0.1661,0.398739873987399,31.3859214782715,-63.9804077148438,10240,10,-64.169,31.661,0.738798555373316
cyclonic,2008-10-09,2008,Oct,9,11,462432,31.3284149169922,-64.8287048339844,0.0329,0.1661,0.398739873987399,31.3859214782715,-63.9804077148438,10240,11,-64.194,31.663,0.717493835551569
cyclonic,2008-10-09,2008,Oct,9,11,462432,31.3284149169922,-64.8287048339844,0.0329,0.1661,0.398739873987399,31.3859214782715,-63.9804077148438,10240,12,-64.241,31.674,0.68178150567916
cyclonic,2008-10-10,2008,Oct,10,12,462432,31.351053237915,-64.9253845214844,0.0313,0.1695,0.427992799279928,31.3859214782715,-63.9804077148438,10240,13,-64.162,31.666,0.825801059935011
cyclonic,2008-10-10,2008,Oct,10,12,462432,31.351053237915,-64.9253845214844,0.0313,0.1695,0.427992799279928,31.3859214782715,-63.9804077148438,10240,14,-64.171,31.661,0.815575258073845
cyclonic,2008-10-11,2008,Oct,11,13,462432,31.3050041198731,-65.04736328125,0.0327,0.1705,0.399189918991899,31.3859214782715,-63.9804077148438,,,,,
cyclonic,2008-10-12,2008,Oct,12,14,462432,31.3015766143799,-65.1365661621094,0.0321,0.1726,0.364536453645365,31.3859214782715,-63.9804077148438,,,,,
cyclonic,2008-10-18,2008,Oct,18,19,462557,32.4609451293945,-63.2405700683594,0.0173,0.1379,0.380738073807381,32.3937377929688,-61.8759765625,,,,,
cyclonic,2008-10-19,2008,Oct,19,20,462557,32.5394897460938,-63.4542541503906,0.0202,0.1439,0.462196219621962,32.3937377929688,-61.8759765625,,,,,
cyclonic,2008-10-20,2008,Oct,20,21,462557,32.618034362793,-63.6679382324219,0.0231,0.1499,0.543654365436544,32.3937377929688,-61.8759765625,,,,,
cyclonic,2008-10-21,2008,Oct,21,22,462557,32.6275177001953,-63.7663879394531,0.0292,0.1559,0.492349234923492,32.3937377929688,-61.8759765625,,,,,
cyclonic,2008-10-22,2008,Oct,22,23,462557,32.6063232421875,-63.8115539550781,0.0365,0.166,0.501800180018002,32.3937377929688,-61.8759765625,,,,,
cyclonic,2008-10-23,2008,Oct,23,24,462557,32.6297187805176,-63.9581298828125,0.0417,0.1734,0.51980198019802,32.3937377929688,-61.8759765625,,,,,
cyclonic,2008-10-24,2008,Oct,24,25,462557,32.6275177001953,-64.0089416503906,0.0451,0.1739,0.526552655265527,32.3937377929688,-61.8759765625,,,,,
cyclonic,2008-10-25,2008,Oct,25,26,462557,32.6658058166504,-64.0919189453125,0.0456,0.1811,0.495049504950495,32.3937377929688,-61.8759765625,,,,,
cyclonic,2008-10-26,2008,Oct,26,27,462557,32.6654815673828,-64.1233520507813,0.0493,0.1837,0.484248424842484,32.3937377929688,-61.8759765625,,,,,
cyclonic,2008-12-19,2008,Dec,19,48,465151,31.7883434295654,-63.211181640625,0.1658,0.2687,1.29297929792979,32.5105171203613,-60.75830078125,,,,,
cyclonic,2008-12-20,2008,Dec,20,49,465151,31.7571048736572,-63.2840576171875,0.1655,0.2657,1.27812781278128,32.5105171203613,-60.75830078125,,,,,
cyclonic,2008-12-21,2008,Dec,21,50,465151,31.7431735992432,-63.3406677246094,0.1733,0.2616,1.33843384338434,32.5105171203613,-60.75830078125,,,,,
cyclonic,2008-12-22,2008,Dec,22,51,465151,31.7351799011231,-63.4020690917969,0.1741,0.2634,1.39243924392439,32.5105171203613,-60.75830078125,,,,,
cyclonic,2008-12-23,2008,Dec,23,52,465151,31.7226123809814,-63.4598999023438,0.1808,0.2638,1.45634563456346,32.5105171203613,-60.75830078125,,,,,
cyclonic,2008-12-24,2008,Dec,24,53,465151,31.6974716186523,-63.5367126464844,0.1808,0.2671,1.43294329432943,32.5105171203613,-60.75830078125,,,,,
cyclonic,2008-12-25,2008,Dec,25,54,465151,31.6713485717773,-63.5906066894531,0.1888,0.2671,1.53645364536454,32.5105171203613,-60.75830078125,,,,,
cyclonic,2008-12-26,2008,Dec,26,55,465151,31.6632747650147,-63.64599609375,0.1911,0.2713,1.51395139513951,32.5105171203613,-60.75830078125,,,,,
cyclonic,2008-12-27,2008,Dec,27,56,465151,31.6243400573731,-63.6890563964844,0.1912,0.2728,1.54005400540054,32.5105171203613,-60.75830078125,,,,,
cyclonic,2008-12-28,2008,Dec,28,57,465151,31.6308135986328,-63.7461242675781,0.1922,0.2731,1.5031503150315,32.5105171203613,-60.75830078125,,,,,
cyclonic,2008-12-29,2008,Dec,29,58,465151,31.611988067627,-63.8036499023438,0.1925,0.2714,1.55985598559856,32.5105171203613,-60.75830078125,,,,,
cyclonic,2008-12-30,2008,Dec,30,59,465151,31.5950660705566,-63.8385009765625,0.1958,0.2708,1.59225922592259,32.5105171203613,-60.75830078125,,,,,
cyclonic,2008-12-31,2008,Dec,31,60,465151,31.6211967468262,-63.8941040039063,0.1895,0.2673,1.53240324032403,32.5105171203613,-60.75830078125,,,,,
